product_id,site_id,category,subcategory,product_name,brand,product_type,price,currency,price_unit,price_raw,discount,original_price,availability,stock_information,minimum_order_quantity,gender,color,size,available_sizes,material,fabric,pattern,fit,sleeve_type,neck_type,occasion,age_group,dimensions,weight,gsm,wash_care,country_of_origin,item_code,customization,delivery_time,packaging_details,primary_image_url,all_image_urls,local_primary_image,product_url,brochure_url,description
P001,2851874195148,School Uniform,Uniform Set,Jharkhand Government School Uniforms,I3,Uniform Set,240.0,INR,Piece,₹ 240/Piece,,,Available,,500 Piece,"Men, SCHOOL",Green,S,,MIXED COTTON,Polyester,"Check, Large Check, Tartan Plaid, Self Check, Yarn Dyed Check, Small Check, Dobby Check, Gingham Check, Small Checks",Regular Fit,"Half Sleeve, Half Sleeves","Collar Neck, Cutaway","Casual Wear, Party Wear, Formal, Office Wear, Smart Casual",,,,,"Machine Wash, Hand Wash",Made in India,"SH56, SH25","Logo Print, Name Print, Logo Embroidery",,SINGLE PP,https://5.imimg.com/data5/SELLER/Default/2026/3/594936094/OP/IL/SJ/130624909/jharkhand-government-school-uniforms-500x500.jpeg,https://5.imimg.com/data5/SELLER/Default/2026/3/594936094/OP/IL/SJ/130624909/jharkhand-government-school-uniforms-500x500.jpeg; https://5.imimg.com/data5/SELLER/Default/2026/3/594934491/SY/DM/CC/130624909/chk-2-500x500.jpeg; https://5.imimg.com/data5/SELLER/Default/2023/7/329481998/IZ/HG/AW/130624909/shirt-500x500.jpeg; https://5.imimg.com/data5/SELLER/Default/2023/7/329482250/RE/IP/UW/130624909/1-500x500.png; https://5.imimg.com/data5/SELLER/Default/2023/7/329483021/HI/VY/AN/130624909/washcoat-500x500.jpeg; https://5.imimg.com/data5/SELLER/Default/2026/3/594935936/BN/PH/QK/130624909/salwar-chk-500x500.jpeg; https://5.imimg.com/data5/ANDROID/Default/2026/4/602971941/QW/DN/RW/130624909/product-jpeg-500x500.jpg; https://5.imimg.com/data5/ANDROID/Default/2026/4/602971998/DA/HK/BX/130624909/product-jpeg-500x500.jpg; https://5.imimg.com/data5/ANDROID/Default/2026/4/602972017/YC/OT/KG/130624909/product-jpeg-500x500.jpg; https://5.imimg.com/data5/ANDROID/Default/2026/4/602972010/IX/US/HZ/130624909/product-jpeg-500x500.jpg; https://5.imimg.com/data5/ANDROID/Default/2026/4/602972039/QV/CY/CJ/130624909/product-jpeg-500x500.jpg; https://5.imimg.com/data5/ANDROID/Default/2026/4/602972053/LW/OB/ML/130624909/product-jpeg-500x500.jpg; https://5.imimg.com/data5/ANDROID/Default/2026/4/602972073/BC/GO/ZK/130624909/product-jpeg-500x500.jpg,images/P001/image_01.jpeg,https://www.indiamart.com/i3innovation/school-uniform.html#2851874195148,https://5.imimg.com/data5/SELLER/Doc/2024/5/421911910/IV/TA/OA/130624909/odisha-govt-boys-ceck-shirts.pdf,"Boys' cotton check school uniform shirts designed for everyday classroom comfort. Crafted from a durable cotton blend with a clean, quality finish, available in a full range of sizes for institutional orders."
P002,2851873516297,School Uniform,"Normal Salwar, SALWAR JAKET",ODISHA GOVT CHECKS UNIFORM SALWAR,I3,"Normal Salwar, SALWAR JAKET",220.0,INR,Piece,₹ 220/Piece,,,Available,,500 Piece,,GREEN,36-40,,,Poly Cotton,"Check, Plain",,HALF SLEVE,ROUND SHAPE,,15-18,36-40,,180 gsm,HAND WASH,Made in India,34,,,SINGLE PACK,https://5.imimg.com/data5/SELLER/Default/2025/1/478495437/JR/XN/HY/130624909/odisha-govt-checks-uniform-salwar-500x500.jpeg,https://5.imimg.com/data5/SELLER/Default/2025/1/478495437/JR/XN/HY/130624909/odisha-govt-checks-uniform-salwar-500x500.jpeg; https://5.imimg.com/data5/SELLER/Default/2025/1/478495148/EO/NG/WT/130624909/odisha-govt-checks-uniform-salwar-500x500.jpeg; https://5.imimg.com/data5/SELLER/Default/2023/7/329468326/PK/JL/TD/130624909/washcoat-500x500.jpeg; https://5.imimg.com/data5/SELLER/Default/2023/7/329469516/UR/YG/WU/130624909/salwar-1-500x500.jpeg; https://5.imimg.com/data5/SELLER/Default/2025/1/478495718/TF/RS/DU/130624909/odisha-govt-checks-uniform-salwar-500x500.jpeg,images/P002/image_01.jpeg,https://www.indiamart.com/i3innovation/school-uniform.html#2851873516297,https://5.imimg.com/data5/SELLER/Doc/2024/4/413061037/EP/UP/MX/130624909/odisha-govt-checks-uniform-salwar.pdf,"Odisha govt new design checks uniform for class Nine And Ten available as per order basis, good quality fabric best finish,"Odisha Government prescribed check uniform salwar suits for Class 9 and 10 students. Made with premium, skin-friendly fabric and durable stitching, available on order in all standard sizes."
P003,2851841170562,School Uniform,School Uniform,Odisha Govt School Frock,I3,School Uniform,125.0,INR,Piece,₹ 125/Piece,,,Available,,500 Piece,Girls,,"Small, 24-36",,,Cotton,Plain,,"Half Sleeve, HALF SLEVE","Round Neck, ROUND",SCHOOL UNIFORM,8 to 10 years,20 inch,,,Hand Wash,,,,,GUNNY BAG PRINTING,https://5.imimg.com/data5/SELLER/Default/2023/7/329454275/UD/MR/SO/130624909/odisha-govt-school-frock-500x500.jpeg,https://5.imimg.com/data5/SELLER/Default/2023/7/329454275/UD/MR/SO/130624909/odisha-govt-school-frock-500x500.jpeg; https://5.imimg.com/data5/SELLER/Default/2023/7/328231950/SR/LP/ON/130624909/frk-2-500x500.png; https://5.imimg.com/data5/SELLER/Default/2023/7/328231053/EE/ST/JO/130624909/frk-3-500x500.png; https://5.imimg.com/data5/SELLER/Default/2023/7/328231055/WT/DX/TO/130624909/frk-4-500x500.png; https://5.imimg.com/data5/SELLER/Default/2023/7/328231065/BJ/YS/UL/130624909/frk1-500x500.png; https://5.imimg.com/data5/SELLER/Default/2023/7/329454412/VU/FN/GY/130624909/odisha-govt-school-frock-500x500.jpeg,images/P003/image_01.jpeg,https://www.indiamart.com/i3innovation/school-uniform.html#2851841170562,https://5.imimg.com/data5/SELLER/Doc/2024/4/413060948/LP/OA/EN/130624909/odisha-govt-school-frock.pdf,"ITS A BABY FRCK AVAILABLE FORM SIZE 24 TO 36 AS PER REQUIREMNTS OF CUSTOMER, DIFFERENT DIFFERNT STYLE HAS DIFFERNT RATES AS PER EXTRA WORK, THE MAATERIAL IS RC COTTON MEDIUM QUALITY ,"Classic school uniform baby frocks for young students, available in sizes 24 to 36. Crafted from breathable cotton blend fabric with neat stitching to keep children comfortable throughout the school day."
P004,2851874515062,School Uniform,FUNN PANT,ODISHA GOVT BOYS FULL PANT SENIOR CLASS,I3,FUNN PANT,120.0,INR,Piece,₹ 120/Piece,,,Available,,500 Piece,Boys,"Khaki, Red, GREEN, Navy Blue, Brown, Black, Yellow, Green","32-40, 32-38",,,Cotton,"Plain, REGULAR FIT",,"FULL PANT, Half Sleeve",PANT,Formal Wear,"15-18 Yrs (Senior), 15-20",,,,,Made in India,FP22,School Logo Embroidery,,SINGLE PACK,https://5.imimg.com/data5/SELLER/Default/2023/7/329506224/HQ/LY/AJ/130624909/1-p-500x500.jpg,https://5.imimg.com/data5/SELLER/Default/2023/7/329506224/HQ/LY/AJ/130624909/1-p-500x500.jpg; https://5.imimg.com/data5/SELLER/Default/2023/7/329506226/QR/MP/TQ/130624909/p-2-500x500.jpg; https://5.imimg.com/data5/SELLER/Default/2023/7/329506228/XK/SN/QA/130624909/p3-500x500.jpg; https://5.imimg.com/data5/SELLER/Default/2023/7/329506331/CL/TX/LD/130624909/shirt-500x500.jpg; https://5.imimg.com/data5/SELLER/Default/2023/7/329482946/YT/SD/JH/130624909/shirt-500x500.jpg; https://5.imimg.com/data5/SELLER/Default/2023/7/329468007/BV/QA/TU/130624909/salwar-chk-500x500.jpg; https://5.imimg.com/data5/SELLER/Default/2023/7/329468006/PC/BC/TB/130624909/chk-2-500x500.jpg,images/P004/image_01.jpg,https://www.indiamart.com/i3innovation/school-uniform.html#2851874515062,https://5.imimg.com/data5/SELLER/Doc/2024/4/413060889/CL/SN/PV/130624909/odisha-govt-boys-full-pant-senior-class.pdf,"ODISHA GOVT SCHOOL PANT FOR BOYS GREEN FULL PANT WITH GOOD QUALITY FABRIC ,"Senior school boys' dark green uniform trousers tailored for Odisha government schools. Features a smart, durable finish with reinforced stitching and a comfortable waistband for all-day wear."
P005,2850614975755,School Uniform,"School Shirt, Regular Uniform",SCHOOL UNIFORM SET,i3,"School Shirt, Regular Uniform",495.0,INR,Set,₹ 495/Set,,,Available,,100 Set,Girls,Red,"Large, as desired",,,Cotton,"Checked, Printed",,Half Sleeves,,school uniform,Pre-Primary,,,,,Made in India,,,,single pp packs,https://5.imimg.com/data5/ANDROID/Default/2023/3/296477599/YG/EJ/CE/130624909/product-jpeg-500x500.jpg,https://5.imimg.com/data5/ANDROID/Default/2023/3/296477599/YG/EJ/CE/130624909/product-jpeg-500x500.jpg; https://5.imimg.com/data5/ANDROID/Default/2023/3/296477126/AB/BE/TM/130624909/product-jpeg-500x500.jpg; https://5.imimg.com/data5/ANDROID/Default/2023/3/296477514/TP/DS/EV/130624909/product-jpeg-500x500.jpg; https://5.imimg.com/data5/SELLER/Default/2023/4/299885800/RQ/SV/KD/130624909/product-jpeg-500x500.jpg,images/P005/image_01.jpg,https://www.indiamart.com/i3innovation/school-uniform.html#2850614975755,https://5.imimg.com/data5/SELLER/Doc/2024/3/405677509/CV/MH/KL/130624909/school-uniform-set.pdf,"School uniform Sets as per school designs and choice availaable in all colours polyester, cotton,"Complete school uniform sets tailored to institutional requirements. Available in cotton, polyester, and terry fabrics with customized colors, patterns, and school embroidery or logo prints."
P006,27452497655,School Uniform,Pullover Hoodie,Hoodies Unisex,I3 Innovation,Pullover Hoodie,450.0,INR,Piece,₹ 450/Piece,,,Available,,50 Piece,Unisex,,,,,Fleece,Plain,"Regular Fit, Relaxed Fit",Full Sleeve,ROUND/V,"Outdoor Wear, Sports Wear, Work Wear, Casual Wear, Winter Wear, Travel Wear",,,,260–300 gsm,,Made in India,,,,SINGLE PACKING,https://5.imimg.com/data5/SELLER/Default/2022/11/VA/IP/IB/130624909/2-500x500.png,https://5.imimg.com/data5/SELLER/Default/2022/11/VA/IP/IB/130624909/2-500x500.png; https://5.imimg.com/data5/SELLER/Default/2022/11/YS/EA/OU/130624909/3-500x500.png; https://5.imimg.com/data5/SELLER/Default/2022/11/FA/TO/KM/130624909/1-500x500.png; https://5.imimg.com/data5/SELLER/Default/2022/11/OY/FS/SZ/130624909/4-500x500.jpg,images/P006/image_01.png,https://www.indiamart.com/i3innovation/school-uniform.html#27452497655,https://5.imimg.com/data5/SELLER/Doc/2023/12/370734069/IB/KB/UF/130624909/hoodies-unisex.pdf,"Washing: Wash inside out with cold water with similar colors using a gentle cycle. Drying: Tumble dry low or hang-dry. Ironing: If ironing is necessary, iron inside-out on the lowest setting Alert: Do not bleach and do not dry clean. REGULAR FIT: Fits just right. Not too tight,"Cozy unisex pullover hoodies crafted from 320 GSM bio-washed combed cotton. Features a smooth regular fit, a soft fleece interior, and a spacious front kangaroo pocket for effortless everyday warmth."
P007,2853908123188,School Uniform,"Skirt Set, Regular Uniform",Girls Shirt And Divided Skirt School Uniform,i3,"Skirt Set, Regular Uniform",260.0,INR,Piece,₹ 260/Piece,,,Available,,100 Piece,Girls,,"20-40, 22-40",,,Poly Cotton,Plain,,,,school colleges corporates,2.5 to 40 years,,,,,Made in India,divided,,,single pack,https://5.imimg.com/data5/SELLER/Default/2024/4/410891322/ID/OL/IP/130624909/51-500x500.jpg,https://5.imimg.com/data5/SELLER/Default/2024/4/410891322/ID/OL/IP/130624909/51-500x500.jpg; https://5.imimg.com/data5/SELLER/Default/2021/9/AM/UE/SZ/130624909/skirts-500x500.jpg; https://5.imimg.com/data5/SELLER/Default/2024/4/410891300/AE/RZ/GF/130624909/1-500x500.jpg; https://5.imimg.com/data5/SELLER/Default/2024/4/410891303/CY/CS/PN/130624909/2-500x500.jpg; https://5.imimg.com/data5/SELLER/Default/2024/4/410891308/TP/IX/PK/130624909/4-500x500.jpg; https://5.imimg.com/data5/SELLER/Default/2024/4/410891312/BG/ZV/OR/130624909/5-500x500.jpg; https://5.imimg.com/data5/SELLER/Default/2024/4/410891319/BS/EF/VX/130624909/21-500x500.jpeg; https://5.imimg.com/data5/SELLER/Default/2021/9/YU/TK/FW/130624909/sk2-500x500.jpg,images/P007/image_01.jpg,https://www.indiamart.com/i3innovation/school-uniform.html#2853908123188,https://5.imimg.com/data5/SELLER/Doc/2024/4/410891476/SZ/UH/AX/130624909/i3-innovation-catalouge.pdf,"Stiched with best quality fabric to give extra ordinary look and out fit, best quality fabric available in differnt colours and combination as per need and designs , Trendy extar comfortable clean look , Fit for all ages ,"Smart school uniform set featuring a crisp shirt paired with a pleated divided skirt. Tailored from high-grade wrinkle-resistant fabric for active schoolgirls, offering modesty, ease of movement, and long-lasting durability."
P008,2853516453091,School Uniform,Trousers,Kendriya Vidyalaya T Shirt,I3 Innovation,Trousers,140.0,INR,Piece,₹ 140/Piece,,,Available,,,,White,XL,,Cotton,Cotton,Plain,,Half sleeves,V Neck Collar,Party Wear,,,,140 GSM,,,,,,,https://5.imimg.com/data5/SELLER/Default/2023/7/329458755/IE/SY/IS/130624909/odisha-govt-school-uniform-500x500.jpg,https://5.imimg.com/data5/SELLER/Default/2023/7/329458755/IE/SY/IS/130624909/odisha-govt-school-uniform-500x500.jpg; https://5.imimg.com/data5/SELLER/Default/2023/7/329458429/JW/TG/LL/130624909/product-jpeg-500x500.jpeg; https://5.imimg.com/data5/ANDROID/Default/2023/6/319811642/VZ/BY/JV/130624909/product-jpeg-500x500.jpeg; https://5.imimg.com/data5/SELLER/Default/2024/3/403333668/MY/KM/LR/130624909/kendriya-vidyalaya-t-shirt-500x500.jpg; https://5.imimg.com/data5/SELLER/Default/2024/3/403333669/QC/NX/ER/130624909/kendriya-vidyalaya-t-shirt-500x500.jpeg; https://5.imimg.com/data5/SELLER/Default/2024/3/403333676/BJ/QM/MH/130624909/kendriya-vidyalaya-t-shirt-500x500.jpeg; https://5.imimg.com/data5/SELLER/Default/2024/3/403333678/YX/NJ/AS/130624909/kendriya-vidyalaya-t-shirt-500x500.jpeg,images/P008/image_01.jpg,https://www.indiamart.com/i3innovation/school-uniform.html#2853516453091,https://5.imimg.com/data5/SELLER/Doc/2024/3/395467808/DA/HB/LL/130624909/kendriya-vidyalaya-t-shirt.pdf,"Official Kendriya Vidyalaya house activity polo T-shirts for Classes I to XII. Crafted from a breathable 80/20 cotton-poly blend in all official house colors, built to endure active school sessions."
P009,2854992241330,School Uniform,School Uniform,Kv School Skirts,I3,School Uniform,280.0,INR,Piece,₹ 280/Piece,,,Available,,100 Piece,,GREY,"Small, 22 inch",,,Poly Cotton,Plain,,,,,FROM 4 TO,20 - 48,,200 gsm,,Made in India,,,,SINGLE PACK,https://5.imimg.com/data5/SELLER/Default/2024/9/453865318/XA/BO/QY/130624909/kv-school-skirts-500x500.jpg,https://5.imimg.com/data5/SELLER/Default/2024/9/453865318/XA/BO/QY/130624909/kv-school-skirts-500x500.jpg; https://5.imimg.com/data5/SELLER/Default/2024/9/453865327/FU/SS/VF/130624909/kv-school-skirts-500x500.jpg; https://5.imimg.com/data5/SELLER/Default/2024/9/453865330/SG/DG/QS/130624909/kv-school-skirts-500x500.jpg; https://5.imimg.com/data5/SELLER/Default/2024/9/453865335/GT/FL/YN/130624909/kv-school-skirts-500x500.jpg; https://5.imimg.com/data5/SELLER/Default/2024/9/453869270/FL/QY/OH/130624909/kv-school-skirts-500x500.jpg; https://5.imimg.com/data5/SELLER/Default/2024/9/453869272/TO/EN/HM/130624909/kv-school-skirts-500x500.jpg; https://5.imimg.com/data5/SELLER/Default/2024/9/453869276/BM/JT/LS/130624909/kv-school-skirts-500x500.jpg,images/P009/image_01.jpg,https://www.indiamart.com/i3innovation/school-uniform.html#2854992241330,https://5.imimg.com/data5/SELLER/Doc/2024/9/453867309/LO/PI/QI/130624909/kv-school-skirts.pdf,"We do manufacture Kendriya Vidyalaya uniforms with fine quqlity and standard finish and supply accross pan india,"Standard Kendriya Vidyalaya uniform pleated skirts made from fine-quality, colorfast fabric. Available in sizes 20 to 48 with precision pleating and comfortable waistbands for daily wear."
P010,2850036585512,School Uniform,School Uniform,School Socks,I3,School Uniform,35.0,INR,pair,₹ 35/pair,,,Available,,200 pair,Unisex,Navy Blue,"Small, Ankle Length",,,Cotton,Striped,,,,Formal Wear,9 to 10 Years,Mid Calf / Crew,,,Hand Wash,Made in India,,,,SINGLE PACK,https://5.imimg.com/data5/SELLER/Default/2023/2/TO/KH/IH/130624909/1-500x500.jpg,https://5.imimg.com/data5/SELLER/Default/2023/2/TO/KH/IH/130624909/1-500x500.jpg; https://5.imimg.com/data5/SELLER/Default/2023/2/CU/KD/WR/130624909/2-500x500.jpg; https://5.imimg.com/data5/SELLER/Default/2023/2/ER/EC/GO/130624909/3-500x500.jpg; https://5.imimg.com/data5/SELLER/Default/2023/2/GR/HF/JQ/130624909/4-500x500.jpg; https://5.imimg.com/data5/SELLER/Default/2023/2/PS/NX/JL/130624909/5-500x500.jpg; https://5.imimg.com/data5/SELLER/Default/2023/2/BD/ZA/ZF/130624909/7-500x500.jpg; https://5.imimg.com/data5/SELLER/Default/2023/2/PF/MP/IQ/130624909/school-socks-500x500.jpg,images/P010/image_01.jpg,https://www.indiamart.com/i3innovation/school-uniform.html#2850036585512,https://5.imimg.com/data5/SELLER/Doc/2024/3/405674551/YN/JY/BW/130624909/school-socks.pdf,"school socks are extremely soft, comfortable and can be easily washed for everyday wear Premium quality combed cotton, which is a stretchy fabric; designed to give you a contoured, snug fit. The soft gripping elastic makes kids feel cared for through the day These school socks are made for long lasting durability; they absorb moisture & sweat and are fit for all kinds of sports, fitness activities and playtime. Ideal with school shoes,Pack of 5 premium combed cotton school socks designed for maximum comfort and durability. Featuring soft-grip elastics and moisture-wicking yarn to keep young feet fresh through classes and sports.
P011,2853312487612,School Uniform,School Uniform,Mens Super Poly Sublimation Tracksuit,I3 Innovation,School Uniform,551.0,INR,Piece,₹ 551/Piece,,,Available,,100 Piece,Unisex,Blue,Free Size,,Non-Stretchable,Super Poly,Color Block,"Comfort Fit, Regular Fit","Half Sleeves, Full Sleeve",High Neck,,"10 to 14 years, All ages, 5 to 10 years, 14 to 18 years, Adults",,,,Do not Bleach,Made in India,,,,SINGLE PACK,https://5.imimg.com/data5/SELLER/Default/2024/1/380676278/TS/QU/NL/130624909/15e088fcd0f661422b7303955cf374df-500x500.jpg,https://5.imimg.com/data5/SELLER/Default/2024/1/380676278/TS/QU/NL/130624909/15e088fcd0f661422b7303955cf374df-500x500.jpg; https://5.imimg.com/data5/ANDROID/Default/2024/1/379190042/GA/VF/GJ/130624909/product-jpeg-500x500.jpeg; https://5.imimg.com/data5/SELLER/Default/2024/1/380677925/BH/NI/AB/130624909/15e088fcd0f661422b7303955cf374df-500x500.jpg; https://5.imimg.com/data5/SELLER/Default/2024/1/380677926/FD/YF/CG/130624909/85d3321f1265273bc38e5da42eec57e8-500x500.jpg; https://5.imimg.com/data5/SELLER/Default/2024/1/380677927/LC/LG/PD/130624909/9941d6bf5fa11a1296bc00c6f9e4c282-500x500.jpg; https://5.imimg.com/data5/SELLER/Default/2024/1/380677929/HU/UL/NS/130624909/39004ece9851a6ee2316ac215e0c9a81-500x500.jpg; https://5.imimg.com/data5/SELLER/Default/2024/1/380677931/KY/KF/UZ/130624909/a3f0bf9fac073e5d4a0d5dc4925b0591-500x500.jpg; https://5.imimg.com/data5/SELLER/Default/2024/1/380677934/MI/LL/XE/130624909/cb1e009cc8ccb62be4c4f85c931d349f-500x500.jpg; https://5.imimg.com/data5/SELLER/Default/2024/1/380677935/SZ/KL/UW/130624909/d8c1d382daa5185fff48735dfe8b0510-500x500.jpg,images/P011/image_01.jpg,https://www.indiamart.com/i3innovation/school-uniform.html#2853312487612,https://5.imimg.com/data5/SELLER/Doc/2024/3/405676845/NC/DF/UF/130624909/mens-super-poly-sublimation-tracksuit.pdf,"Lightweight, Comfortable Quality Polyester Material with Stylish Design, fits for all seasons Active wear. Sports suit jacket: stand collar, two slant pockets, full zip up. Sports Pants: delicate waist elastic design with drawstring,stretch waistband and drawcord for a slim fit as you need. Front & Back Reflector logos & Stripes Side pockets on both jacket and pants,convenient for you to bring small things with you,like keys,phone.Full-zip front offers easy on-and-off. Great for Gym,Basketball,Workout,Training,Jogging,Hiking,All-season lightweight sportswear tracksuit crafted from durable super poly fabric. Includes a full-zip mock-collar jacket with slant pockets and matching jogger pants with an adjustable drawstring waist.
P012,23907388012,School Uniform,School Uniform,Kids School Half Pants,I3 Innovation,School Uniform,120.0,INR,Piece,₹ 120/Piece,,,Available,,100 Piece,,Maroon,10-20,,,cotton/ polyester,Plain,Regular Fit,,,Casual Wear,3 to 4 Years,Knee Length,,,,Made in India,,,,single pack poly.,https://5.imimg.com/data5/SELLER/Default/2025/2/488017997/GW/EY/YJ/130624909/kids-school-half-pants-500x500.jpeg,https://5.imimg.com/data5/SELLER/Default/2025/2/488017997/GW/EY/YJ/130624909/kids-school-half-pants-500x500.jpeg; https://5.imimg.com/data5/SELLER/Default/2025/2/488017947/LY/PW/GB/130624909/kids-school-half-pants-500x500.jpeg; https://5.imimg.com/data5/SELLER/Default/2025/2/488017628/KM/CB/YC/130624909/kids-school-half-pants-500x500.jpeg; https://5.imimg.com/data5/SELLER/Default/2025/2/488017630/OQ/CJ/MF/130624909/kids-school-half-pants-500x500.jpeg; https://5.imimg.com/data5/SELLER/Default/2025/2/488017631/RL/TQ/YE/130624909/kids-school-half-pants-500x500.jpeg; https://5.imimg.com/data5/SELLER/Default/2025/2/488017905/SF/VD/JM/130624909/kids-school-half-pants-500x500.jpeg; https://5.imimg.com/data5/SELLER/Default/2025/2/488017728/GZ/UE/TF/130624909/kids-school-half-pants-500x500.jpeg,images/P012/image_01.jpeg,https://www.indiamart.com/i3innovation/school-uniform.html#23907388012,https://5.imimg.com/data5/SELLER/Doc/2024/4/410884123/HL/GG/WE/130624909/kids-school-half-pants.pdf,"Best Fabric in the market, material 67%/33% available in many colours check, prints, stipes plain etc, palin, plited, divided anything can be customized as per schools need and requirements.. Many colurs and customization is also available, COTTON BLEND POLYESTER,"Durable school uniform half pants crafted from a robust 67/33 poly-cotton blend. Features reinforced pockets, neat pleating, and an elasticated waistband tailored to school specifications."
P013,2855505325430,School Uniform,School Shirt,Government School Uniform Odisha,I3 Innovation,School Shirt,110.0,INR,Piece,₹ 110/Piece,,,Available,,500 Piece,Boys,Brown,Medium,,,Terry Cotton,"Checks, Stripes",Regular Fit,Half Sleeve,Classic Collar,,,,,,,Made in India,,,,single packing,https://5.imimg.com/data5/SELLER/Default/2024/12/474970236/OZ/AI/DY/130624909/whatsapp-image-2024-12-21-at-3-58-04-pm-500x500.jpeg,https://5.imimg.com/data5/SELLER/Default/2024/12/474970236/OZ/AI/DY/130624909/whatsapp-image-2024-12-21-at-3-58-04-pm-500x500.jpeg; https://5.imimg.com/data5/SELLER/Default/2024/12/474970450/CM/SA/DG/130624909/whatsapp-image-2024-12-21-at-3-58-04-pm-1-500x500.jpeg; https://5.imimg.com/data5/SELLER/Default/2024/12/474970671/ND/KQ/XJ/130624909/whatsapp-image-2024-12-21-at-3-58-04-pm-500x500.jpeg; https://5.imimg.com/data5/SELLER/Default/2024/12/474970821/QY/EF/TT/130624909/whatsapp-image-2024-12-21-at-3-58-04-pm-1-500x500.jpeg; https://5.imimg.com/data5/SELLER/Default/2025/1/478494256/CT/YX/EE/130624909/government-school-uniform-odisha-500x500.jpeg; https://5.imimg.com/data5/SELLER/Default/2025/1/478494444/UP/YN/PS/130624909/government-school-uniform-odisha-500x500.jpeg,images/P013/image_01.jpeg,https://www.indiamart.com/i3innovation/school-uniform.html#2855505325430,https://5.imimg.com/data5/SELLER/Doc/2024/12/474978541/DF/EG/GM/130624909/government-school-uniform-odisha.pdf,"Odisha govt ne design checks unifroms for class nine,ten,eleven & twelve available as per order basis, good quality fabric best finish,"Odisha government high school check uniform sets for Classes 9 through 12. Tailored with care using breathable, colorfast fabric designed to withstand frequent washes."
P014,24126983812,School Uniform,SLEVELESS SWEATER,Half Sleeves School Sweater,POLAR OSWAL,SLEVELESS SWEATER,170.0,INR,Piece,₹ 170/Piece,,,Available,,100 Piece,Boys,CUSTOMIZE COLOURS,,,Daffodil,WOOL,Plain,,Half Sleeve,V-Neck,,,,,240 GSM,,Made in India,,Logo Embroidery,,SINGLE PACK,https://5.imimg.com/data5/SELLER/Default/2025/1/483223677/KI/GR/PG/130624909/half-sleeves-school-sweater-500x500.png,https://5.imimg.com/data5/SELLER/Default/2025/1/483223677/KI/GR/PG/130624909/half-sleeves-school-sweater-500x500.png; https://5.imimg.com/data5/SELLER/Default/2021/10/IU/QD/WL/130624909/kids-half-sleeve-school-sweater-500x500-500x500.jpg; https://5.imimg.com/data5/SELLER/Default/2025/1/483219470/JQ/JM/XP/130624909/half-sleeves-school-sweater-500x500.jpg; https://5.imimg.com/data5/SELLER/Default/2021/10/SJ/DY/FN/130624909/cosplay-japanese-school-uniform-sweaters-500x500.jpg; https://5.imimg.com/data5/SELLER/Default/2021/10/YH/IR/BS/130624909/bbbbbbbbb-500x500-500x500.png; https://5.imimg.com/data5/SELLER/Default/2021/10/CF/PH/CI/130624909/71mtddwwvml-ul1280--500x500.jpg; https://5.imimg.com/data5/SELLER/Default/2025/1/483223681/GZ/EF/ZU/130624909/half-sleeves-school-sweater-500x500.jpg,images/P014/image_01.png,https://www.indiamart.com/i3innovation/school-uniform.html#24126983812,https://5.imimg.com/data5/SELLER/Doc/2024/3/403330231/IO/NQ/QQ/130624909/half-sleeves-school-sweater.pdf,"We do customize schools sweater for school, colleges, corporates with customer choice, round neck, v neck, zip, chest open, cardigan type any colour any specification,from the best Oswal fabric wool with differnt differnt sizes and patterns. Light weight, durable,"Sleeveless V-neck school uniform sweater knit from premium Oswal wool yarn. Lightweight yet warm, offering effortless layering over school shirts during cool autumn and winter mornings."
P015,23906105530,School Uniform,"school uniform set, Regular Uniform",Customized School Uniforms,i3,"school uniform set, Regular Uniform",250.0,INR,Piece,₹ 250/Piece,,,Available,,500 Piece,Unisex,,,,,67/33,Check,,Half Sleeve,Collar Neck,,,,,,,Made in India,,Logo Embroidery,,single packing.,https://5.imimg.com/data5/SELLER/Default/2021/9/XS/VG/AT/130624909/competitions-for-school-students-in-india-2021-1-500x500.jpg,https://5.imimg.com/data5/SELLER/Default/2021/9/XS/VG/AT/130624909/competitions-for-school-students-in-india-2021-1-500x500.jpg; https://5.imimg.com/data5/SELLER/Default/2021/9/SV/EM/UP/130624909/1-500x500.jpg; https://5.imimg.com/data5/SELLER/Default/2021/9/SX/FQ/KE/130624909/2-500x500.jpg; https://5.imimg.com/data5/SELLER/Default/2021/9/KO/GT/GL/130624909/91650586-s-780x470-500x500.jpg; https://5.imimg.com/data5/SELLER/Default/2021/9/YM/ZJ/SB/130624909/school-uniform-500x500.jpg; https://5.imimg.com/data5/SELLER/Default/2021/9/NZ/CX/VG/130624909/6e-500x500.jpg,images/P015/image_01.jpg,https://www.indiamart.com/i3innovation/school-uniform.html#23906105530,https://5.imimg.com/data5/SELLER/Doc/2024/5/421011440/GW/CM/ZD/130624909/customized-school-uniforms.pdf,"comfortable, durable, regular fir customised matreial 67/33 highest quality fabric in the marketavailable in various colours range sizes etc, it can be customised as per customer of school choice and specificatin, logo may pasted, stiched aor printed as per schools , college,"Bespoke school and college uniform sets customized with institutional crests, monogram embroidery, or screen prints. Made from durable 67/33 fabric in a wide variety of colors and patterns."
P016,2850791466655,School Uniform,School Uniform,Kendriya Vidyalaya School Socks,I3,School Uniform,30.0,INR,pair,₹ 30/pair,,,Available,,216 pair,Unisex,Blue,Ankle Length,,,Cotton,Striped,,,,Formal Wear,12+ Years,Knee High,,,Hand Wash,Made in India,,,,SINGLE PP PACK..,https://5.imimg.com/data5/SELLER/Default/2023/4/299873335/UR/WF/JX/130624909/71pz19d6vfl-ul1200--500x500.jpg,https://5.imimg.com/data5/SELLER/Default/2023/4/299873335/UR/WF/JX/130624909/71pz19d6vfl-ul1200--500x500.jpg; https://5.imimg.com/data5/SELLER/Default/2023/4/299873401/VK/SM/LW/130624909/51hugsizqgl-500x500.jpg; https://5.imimg.com/data5/SELLER/Default/2023/4/299873403/TE/NR/FZ/130624909/71kjuf9cpyl-ul1500--500x500.jpg; https://5.imimg.com/data5/SELLER/Default/2023/4/299873409/SP/SD/JM/130624909/91iizzpp-4l-ul1500--500x500.jpg; https://5.imimg.com/data5/SELLER/Default/2023/4/299873414/MA/TH/MC/130624909/6189dter4ul-ul1500--500x500.jpg,images/P016/image_01.jpg,https://www.indiamart.com/i3innovation/school-uniform.html#2850791466655,https://5.imimg.com/data5/SELLER/Doc/2024/4/410884291/GV/NZ/WY/130624909/kendriya-vidyalaya-socks.pdf,"Comfort Fittings,"Kendriya Vidyalaya pattern school socks knit from 100% pure combed cotton. Delivers superior sweat absorption, cushioned support, and a non-binding elastic grip for growing feet."
P017,2855336752097,School Uniform,Shirt,Jharkhand Government School Uniforms,i3 innovation,Shirt,130.0,INR,Piece,₹ 130/Piece,,,Available,,500 Piece,Boys,"White, Green",Medium,,,Poly Cotton,Plain,,Full Sleeve,Collar Neck,,,,,,,Made in India,,"Logo Embroidery, Name Print, Logo Print",,single packet,https://5.imimg.com/data5/SELLER/Default/2024/11/467698263/IE/WU/LE/130624909/jharkhand-government-school-uniforms-500x500.jpeg,https://5.imimg.com/data5/SELLER/Default/2024/11/467698263/IE/WU/LE/130624909/jharkhand-government-school-uniforms-500x500.jpeg; https://5.imimg.com/data5/SELLER/Default/2024/11/467693062/JO/GY/ET/130624909/whatsapp-image-2024-11-23-at-5-02-50-pm-500x500.jpeg; https://5.imimg.com/data5/SELLER/Default/2024/11/467697546/RY/JF/MY/130624909/jharkhand-government-school-uniforms-500x500.jpeg; https://5.imimg.com/data5/SELLER/Default/2026/3/594935696/CB/QB/UE/130624909/jharkhand-government-school-uniforms-500x500.jpeg; https://5.imimg.com/data5/ANDROID/Default/2026/3/594972737/RC/CN/DL/130624909/product-jpeg-500x500.jpg; https://5.imimg.com/data5/ANDROID/Default/2026/3/594972746/HY/XT/JV/130624909/product-jpeg-500x500.jpg; https://5.imimg.com/data5/ANDROID/Default/2026/3/594972745/GE/KN/LF/130624909/product-jpeg-500x500.jpg; https://5.imimg.com/data5/ANDROID/Default/2026/3/594972747/RE/JX/FX/130624909/product-jpeg-500x500.jpg; https://5.imimg.com/data5/ANDROID/Default/2026/3/594972748/CU/BU/JQ/130624909/product-jpeg-500x500.jpg,images/P017/image_01.jpeg,https://www.indiamart.com/i3innovation/school-uniform.html#2855336752097,https://5.imimg.com/data5/SELLER/Doc/2024/11/467698566/RP/RU/VO/130624909/jharkhand-government-school-uniforms.pdf,"Designed under the supervision of assiduous personnel,these provided product are well tested so as to retain their perfection at our customer premises. using supreme basic fabrics along with other shiny and designer embellishments ,"Neatly tailored Jharkhand state school uniform sets designed for student comfort and dignity. Crafted with sturdy stitching and smooth, easy-care fabrics suited to daily school activities."
P018,2857772497862,School Uniform,School Uniform,School Uniform Shirt,I3 Innovation,School Uniform,160.0,INR,Piece,₹ 160/Piece,,,Available,,500 Piece,Boys,Multicolor,Medium,,,Poly Cotton,Checks,,Half Sleeve,Classic Collar,,,,,,,Made in India,,,,single pack with master carton.,https://5.imimg.com/data5/SELLER/Default/2025/10/555660771/WD/FW/GJ/130624909/4-500x500.jpeg,https://5.imimg.com/data5/SELLER/Default/2025/10/555660771/WD/FW/GJ/130624909/4-500x500.jpeg; https://5.imimg.com/data5/SELLER/Default/2025/10/555660679/TA/DT/OD/130624909/52-500x500.jpeg; https://5.imimg.com/data5/SELLER/Default/2025/10/555660685/ZB/UD/MN/130624909/8-500x500.jpeg; https://5.imimg.com/data5/SELLER/Default/2025/10/555660688/US/SH/RJ/130624909/7-500x500.jpeg; https://5.imimg.com/data5/SELLER/Default/2025/10/555660689/AZ/MR/HM/130624909/6-500x500.jpeg; https://5.imimg.com/data5/SELLER/Default/2025/10/555660824/HJ/ZQ/PK/130624909/5-500x500.jpeg; https://5.imimg.com/data5/SELLER/Default/2025/10/555660866/YQ/MQ/ES/130624909/3-500x500.jpeg; https://5.imimg.com/data5/SELLER/Default/2025/10/555660847/VH/IR/JD/130624909/2-500x500.jpeg; https://5.imimg.com/data5/SELLER/Default/2025/10/555660883/HQ/JB/ZU/130624909/1-500x500.jpeg,images/P018/image_01.jpeg,https://www.indiamart.com/i3innovation/school-uniform.html#2857772497862,https://5.imimg.com/data5/SELLER/Doc/2025/10/555660955/WH/XS/XD/130624909/i3-innovation-catalouge.pdf,"school uniform shirts, we do manufacture for various school accross pan india with customised designs patterns and specifications. Usually we use quqlity and best fabric from the market to give better feel and finish,"Classic school uniform shirts tailored for boys and girls from kindergarten to grade 12. Made from soft, breathable poly-cotton with reinforced collars, cuffs, and neat plackets."
P019,2857773424273,School Uniform,School Uniform,Ladies Churidar Leggings,I3 Innovation,School Uniform,350.0,INR,Piece,₹ 350/Piece,,,Available,,500 Piece,,,Free Size,,,,Solid,Regular Fit,,,Ethnic Wear,,"Churidar Length, Above Knee Length",,"160 GSM, 140/160",,Made in India,,,,single pp pack,https://5.imimg.com/data5/SELLER/Default/2025/11/559022998/YM/XO/BC/130624909/ladies-churidar-leggings-500x500.jpeg,https://5.imimg.com/data5/SELLER/Default/2025/11/559022998/YM/XO/BC/130624909/ladies-churidar-leggings-500x500.jpeg; https://5.imimg.com/data5/SELLER/Default/2025/10/555928069/HR/OY/AN/130624909/ladies-churidar-leggings-500x500.jpeg; https://5.imimg.com/data5/SELLER/Default/2025/10/555928025/WK/BN/CG/130624909/ladies-churidar-leggings-500x500.jpeg; https://5.imimg.com/data5/SELLER/Default/2025/10/555928110/NE/VM/XG/130624909/ladies-churidar-leggings-500x500.jpeg; https://5.imimg.com/data5/SELLER/Default/2025/10/555928240/YN/FU/TI/130624909/ladies-churidar-leggings-500x500.jpeg; https://5.imimg.com/data5/SELLER/Default/2025/10/555927977/SA/AV/TT/130624909/ladies-churidar-leggings-500x500.jpg,images/P019/image_01.jpeg,https://www.indiamart.com/i3innovation/school-uniform.html#2857773424273,https://5.imimg.com/data5/SELLER/Doc/2025/10/555928442/KM/EW/VV/130624909/ladies-churidar-leggings.pdf,"School churidars are typically made from breathable cotton or poly-cotton blends, come in solid or checked patterns, and are available in various colors,Stretchy and breathable churidar leggings designed for school and college uniform sets. Offers a comfortable contoured fit with an elasticated waistband and durable cotton-blend fabric.
P020,2851623328162,School Uniform,T-shirt,Odisha Govt School Uniform,I3,T-shirt,70.0,INR,Piece,₹ 70/Piece,,,Available,,500 Piece,Boys,"Blue, White, Grey, Multicolor, Black, Yellow, Red, Green, Navy Blue",Small,,,Polyester,Plain,,Half Sleeve,Coller button,school,6-10 Yrs (Primary),,,,,Made in India,TP22,,,single pack,https://5.imimg.com/data5/ANDROID/Default/2023/6/319812819/OP/MT/MH/130624909/prod-20230625-1858225495975094543421173-jpg-500x500.jpg,https://5.imimg.com/data5/ANDROID/Default/2023/6/319812819/OP/MT/MH/130624909/prod-20230625-1858225495975094543421173-jpg-500x500.jpg; https://5.imimg.com/data5/ANDROID/Default/2023/6/319811635/NT/OL/VV/130624909/product-jpeg-500x500.jpg; https://5.imimg.com/data5/ANDROID/Default/2023/6/319811527/PX/MN/QS/130624909/product-jpeg-500x500.jpeg; https://5.imimg.com/data5/SELLER/Default/2023/7/329455311/DP/ZC/YS/130624909/odisha-govt-school-uniform-500x500.jpg; https://5.imimg.com/data5/SELLER/Default/2023/7/329458316/TV/ZS/JK/130624909/odisha-govt-school-uniform-500x500.jpeg; https://5.imimg.com/data5/SELLER/Default/2023/7/329458800/AX/HP/GY/130624909/odisha-govt-school-uniform-500x500.jpeg,images/P020/image_01.jpg,https://www.indiamart.com/i3innovation/school-uniform.html#2851623328162,https://5.imimg.com/data5/SELLER/Doc/2024/3/405690425/GN/QP/JK/130624909/odisha-govt-school-uniform.pdf,"Summer School House T shirts available in 4 house colour with good quality fabric,"Vibrant summer sports house T-shirts available in all four official house colors. Lightweight, breathable, and colorfast to keep students cool and confident during athletic activities."
P021,24126799648,School Uniform,School T-shirt,Full Sleeve School Pullovers,POLAR OSWAL,School T-shirt,240.0,INR,Piece,₹ 240/Piece,,,Available,,100 Piece,Boys,"White, Black, Green, Red, Grey, Navy Blue, Blue, Yellow",Large,,Oswal,Wool,Plain,,FULL,"V-Neck, V, ROUND, ZIP",school/college,,,,240 GSM,,Made in India,,Logo Embroidery,,SINGLE PP PACK,https://5.imimg.com/data5/SELLER/Default/2025/10/554113016/SJ/HZ/QC/130624909/full-sleeve-school-pullovers-500x500.jpeg,https://5.imimg.com/data5/SELLER/Default/2025/10/554113016/SJ/HZ/QC/130624909/full-sleeve-school-pullovers-500x500.jpeg; https://5.imimg.com/data5/SELLER/Default/2021/10/FT/IS/QS/130624909/8e2009aaec8cb7743fb10378d8b82506-500x500.jpg; https://5.imimg.com/data5/SELLER/Default/2021/10/RS/MW/ZI/130624909/41etarlh-il-500x500.jpg; https://5.imimg.com/data5/SELLER/Default/2021/10/XH/WF/IV/130624909/81tfqlrr6cl-ac-ul1500--500x500.jpg; https://5.imimg.com/data5/SELLER/Default/2021/10/DG/MO/JN/130624909/product-jpeg-500x500-500x500.jpg; https://5.imimg.com/data5/SELLER/Default/2021/10/RT/HP/BV/130624909/71tjcov-il-ac-ul1200--500x500.jpg; https://5.imimg.com/data5/SELLER/Default/2021/10/DS/GZ/GO/130624909/81tj7zp2wds-ac-ul1500--500x500.jpg; https://5.imimg.com/data5/SELLER/Default/2025/10/554114491/AR/NE/BS/130624909/full-sleeve-school-pullovers-500x500.jpg,images/P021/image_01.jpeg,https://www.indiamart.com/i3innovation/school-uniform.html#24126799648,https://5.imimg.com/data5/SELLER/Doc/2024/3/405676978/QA/XK/ZV/130624909/full-sleeve-school-pullovers.pdf,"We do customize schools sweater for school, colleges, corporates with customer choice, round neck, v neck, zip, chest open, cardigan type any colour any specification,from the best Oswal fabric wool with differnt differnt sizes and patterns. Light weight, durable,"Full-sleeve school uniform pullover sweaters made from soft Oswal wool blend. Features ribbed cuffs and hem to trap warmth while maintaining a sharp, professional uniform appearance."
P022,23906008888,School Uniform,School Shirt,School Shirts Uniform,i3,School Shirt,185.0,INR,Piece,₹ 185/Piece,,,Available,,100 Piece,Unisex,Navy Blue,,,,Cotton,Checks,,Half Sleeve,,,,,,,,Made in India,,,,single pack,https://5.imimg.com/data5/SELLER/Default/2021/9/SU/VE/SB/130624909/kb-500x500.jpg,https://5.imimg.com/data5/SELLER/Default/2021/9/SU/VE/SB/130624909/kb-500x500.jpg; https://5.imimg.com/data5/SELLER/Default/2024/9/453859055/PV/EQ/AC/130624909/school-shirts-uniform-500x500.jpg; https://5.imimg.com/data5/SELLER/Default/2024/9/453859058/GN/RR/ZF/130624909/school-shirts-uniform-500x500.jpg; https://5.imimg.com/data5/SELLER/Default/2024/9/453859064/YI/JL/WZ/130624909/school-shirts-uniform-500x500.jpg; https://5.imimg.com/data5/SELLER/Default/2024/9/453869496/IG/CB/RA/130624909/school-shirts-uniform-500x500.jpg; https://5.imimg.com/data5/SELLER/Default/2024/9/453869497/RX/SP/LM/130624909/school-shirts-uniform-500x500.jpg; https://5.imimg.com/data5/SELLER/Default/2024/9/453869499/AN/TP/KZ/130624909/school-shirts-uniform-500x500.jpg; https://5.imimg.com/data5/SELLER/Default/2024/9/453869502/XL/BV/KH/130624909/school-shirts-uniform-500x500.jpg; https://5.imimg.com/data5/SELLER/Default/2024/9/453869509/UT/OG/PN/130624909/school-shirts-uniform-500x500.jpg,images/P022/image_01.jpg,https://www.indiamart.com/i3innovation/school-uniform.html#23906008888,https://5.imimg.com/data5/SELLER/Doc/2023/12/370734185/PN/CJ/WQ/130624909/school-shirts-uniform.pdf,"Exellent finish, multi colour like plain check available, any brand can be customised as per choice of schools and therir specification,"Customizable school shirts available in plain solids, stripes, and check patterns. Tailored to custom institution guidelines with optional chest embroidery and reinforced seams."
P023,23907329233,School Uniform,"skirts, Sports / PT Uniform",School Skirts Uniform,i3,"skirts, Sports / PT Uniform",235.0,INR,Piece,₹ 235/Piece,,,Available,,100 Piece,Girls,,22 inch to free size,,,67-33,Solid,,,,,BABY TO ADULT,Short,,200 gsm,,Made in India,,,,single packing,https://5.imimg.com/data5/SELLER/Default/2021/9/DI/BC/VG/130624909/51iqjxs-9pl-ul1200--500x500.jpg,https://5.imimg.com/data5/SELLER/Default/2021/9/DI/BC/VG/130624909/51iqjxs-9pl-ul1200--500x500.jpg; https://5.imimg.com/data5/SELLER/Default/2021/9/RH/EH/SC/130624909/24-sk-24-badoli-collection-original-imagfjzfp8bfa4n9-500x500.jpeg; https://5.imimg.com/data5/SELLER/Default/2021/9/NR/VD/CA/130624909/sk2-500x500.jpg; https://5.imimg.com/data5/SELLER/Default/2021/9/NT/WK/IY/130624909/skirts-500x500.jpg; https://5.imimg.com/data5/SELLER/Default/2021/9/TB/MZ/QI/130624909/fashion-summer-usa-uk-school-uniform-custom-design-pleated-checked-school-uniform-skirts-500x500.png; https://5.imimg.com/data5/ANDROID/Default/2023/3/296477116/BE/EG/XB/130624909/product-jpeg-500x500.jpg; https://5.imimg.com/data5/SELLER/Default/2025/1/483208347/JN/ZM/HZ/130624909/school-skirts-uniform-500x500.jpg,images/P023/image_01.jpg,https://www.indiamart.com/i3innovation/school-uniform.html#23907329233,https://5.imimg.com/data5/SELLER/Doc/2024/3/403325839/XI/SC/KL/130624909/school-skirts-uniform.pdf,"Best Fabric in the market, material 67%/33% available in many colours check, prints, stipes plain etc, palin, plited,"Crisp pleated school uniform skirts tailored from premium 67/33 poly-cotton fabric. Retains pleats wash after wash, offering comfort, neatness, and longevity."
P024,23907344088,School Uniform,School Uniform,School Pants,i3 Innovation,School Uniform,175.0,INR,Piece,₹ 175/Piece,,,Available,,100 Piece,Unisex,,36 Size,,,Cotton,Plain,Regular Fit,,,,High School (9-12),20-46 inch,,,,Made in India,,,,single pack,https://5.imimg.com/data5/SELLER/Default/2021/9/HX/PI/ZE/130624909/school-pant-500x500-500x500.jpg,https://5.imimg.com/data5/SELLER/Default/2021/9/HX/PI/ZE/130624909/school-pant-500x500-500x500.jpg; https://5.imimg.com/data5/SELLER/Default/2021/9/MU/MN/GZ/130624909/school-black-cotton-pant-543-500x500.jpg; https://5.imimg.com/data5/SELLER/Default/2021/9/UF/MT/AZ/130624909/l4805-mar-front-500x500.jpg; https://5.imimg.com/data5/SELLER/Default/2021/9/YQ/UY/PE/130624909/school-uniform-cotton-pants-482-500x500.jpg; https://5.imimg.com/data5/SELLER/Default/2021/9/RL/LI/PX/130624909/144684b5-c5d7-48a4-ac49-b5d11553aa61-3b55b259696d964e347082458ad07a4c-500x500.jpeg; https://5.imimg.com/data5/ANDROID/Default/2026/4/602973050/XQ/OL/KA/130624909/product-jpeg-500x500.jpg; https://5.imimg.com/data5/ANDROID/Default/2026/4/602973072/HQ/UJ/LB/130624909/product-jpeg-500x500.jpg; https://5.imimg.com/data5/ANDROID/Default/2026/4/602973073/EV/KI/UD/130624909/product-jpeg-500x500.jpg; https://5.imimg.com/data5/ANDROID/Default/2026/4/602973074/ZB/GL/EX/130624909/product-jpeg-500x500.jpg; https://5.imimg.com/data5/ANDROID/Default/2026/4/602973077/ZZ/AL/GX/130624909/product-jpeg-500x500.jpg; https://5.imimg.com/data5/ANDROID/Default/2026/4/602973076/KT/XI/SB/130624909/product-jpeg-500x500.jpg; https://5.imimg.com/data5/ANDROID/Default/2026/4/602973082/HF/QH/CI/130624909/product-jpeg-500x500.jpg,images/P024/image_01.jpg,https://www.indiamart.com/i3innovation/school-uniform.html#23907344088,https://5.imimg.com/data5/SELLER/Doc/2024/3/405677732/HO/FN/ZG/130624909/school-pants.pdf,"Best Fabric in the market, material 67%/33% available in many colours check, prints, stipes plain etc, palin, plited,"Tailored school uniform trousers made from hard-wearing 67/33 fabric. Features durable belt loops, secure pocketing, and a stain-resistant finish for daily school life."
P025,2850268059912,Mens T-shirts,Mens T-shirts,Mens Cotton T Shirt,I3,Mens T-shirts,155.0,INR,Piece,₹ 155/Piece,,,Available,,100 Piece,Unisex,,,S,,"100% Cotton, Single Jersey",Plain,Regular Fit,"Half sleeves, Half Sleeve",Round Neck,Casual Wear,,,,"180 GSM, 220 GSM",Handwash,Made in India,,DTF Print,,SINGLE BOARD PACKING,https://5.imimg.com/data5/SELLER/Default/2025/11/559024982/EP/OY/NT/130624909/all-500x500.jpeg,https://5.imimg.com/data5/SELLER/Default/2025/11/559024982/EP/OY/NT/130624909/all-500x500.jpeg; https://5.imimg.com/data5/SELLER/Default/2023/2/ZX/DK/GJ/130624909/whatsapp-image-2023-02-13-at-3-21-26-pm-removebg-preview-500x500.jpg; https://5.imimg.com/data5/SELLER/Default/2023/2/PU/MR/PW/130624909/bu-500x500.jpg; https://5.imimg.com/data5/SELLER/Default/2023/2/PL/QY/PM/130624909/wh-500x500.jpg; https://5.imimg.com/data5/SELLER/Default/2023/2/ZE/YC/YC/130624909/bl1-500x500.jpg,images/P025/image_01.jpeg,https://www.indiamart.com/i3innovation/mens-t-shirts.html#2850268059912,https://5.imimg.com/data5/SELLER/Doc/2024/4/410885302/SD/OK/DP/130624909/mens-cotton-t-shirt.pdf,"Care Instructions: Machine Wash Fit Type: Regular Fit Care Instructions: Use mild detergent, Do not iron on print, cold wash only, wash inside out 100% combed cotton with single jersey to make it wrinkle-free and smooth. 180 gsm material for a soft and silky fabric finish, along with superior colour brightness. Wash Care: Machine wash. Wash in cold water, use mild detergent, dry in shade, do not iron directly or scrub on print, do not bleach,"Classic everyday crewneck T-shirt crafted from 100% combed cotton jersey (180 GSM). Offers a super-soft hand feel, breathable comfort, and long-lasting shape retention."
P026,2852543321012,Mens T-shirts,Mens T-shirts,Bio Wash T Shirt,I3,Mens T-shirts,170.0,INR,Piece,₹ 170/Piece,,,Available,,100 Piece,Men,MULTI COLOUR,,"L, XL, S, M, XXL, 3XL",,Cotton,"Plain, Printed",Regular Fit,Half Sleeves,Round Neck,Casual Wear,4-80,45080,160 GRM,"180 GSM, 180 BIO",,Made in India,,"Printing, Embroidery, YES",,SINGLE PACK,https://5.imimg.com/data5/SELLER/Default/2023/9/347251291/FO/LA/TJ/130624909/wandering-white-500x500.png,https://5.imimg.com/data5/SELLER/Default/2023/9/347251291/FO/LA/TJ/130624909/wandering-white-500x500.png; https://5.imimg.com/data5/SELLER/Default/2023/9/347251281/FS/EA/OM/130624909/wandering-black-500x500.png; https://5.imimg.com/data5/SELLER/Default/2023/9/347251259/PV/RJ/MZ/130624909/pug-life-white-500x500.png; https://5.imimg.com/data5/SELLER/Default/2023/9/347251252/ZC/NX/TC/130624909/pug-life-black-500x500.png; https://5.imimg.com/data5/SELLER/Default/2023/9/347251230/RQ/TG/DY/130624909/design-2-500x500.png; https://5.imimg.com/data5/SELLER/Default/2023/9/347251223/DI/RD/ND/130624909/design-1-500x500.png; https://5.imimg.com/data5/SELLER/Default/2023/9/347251190/UV/RE/JX/130624909/consistent-white-500x500.png; https://5.imimg.com/data5/SELLER/Default/2023/9/347251183/GJ/HH/HP/130624909/consistent-black-500x500.png; https://5.imimg.com/data5/ANDROID/Default/2026/4/598159643/DO/AQ/XA/130624909/product-jpeg-500x500.jpg; https://5.imimg.com/data5/ANDROID/Default/2026/4/598159690/JD/ZG/BX/130624909/product-jpeg-500x500.jpg; https://5.imimg.com/data5/ANDROID/Default/2026/4/598159715/AJ/TF/NI/130624909/product-jpeg-500x500.jpg; https://5.imimg.com/data5/ANDROID/Default/2026/4/598159738/HS/XD/DA/130624909/product-jpeg-500x500.jpg,images/P026/image_01.png,https://www.indiamart.com/i3innovation/mens-t-shirts.html#2852543321012,https://5.imimg.com/data5/SELLER/Doc/2024/5/421010828/LE/LR/FC/130624909/180-gsm-bio-wash-t-shirt.pdf,"ITS 180 GSM BIO WASHED COTTON GRS T SHIRTS WITH MORE COLOUR OPTIONS AND CUSTOM PRINTS AVAILABLE FOR CORPORATES, PROMOTION CUM DISTRIBUTION, ONLINE SALE,"Premium 180 GSM bio-washed cotton T-shirt with an ultra-smooth finish and zero fuzz. Ideal for corporate branding, promotional events, or casual daily wear with custom prints."
P027,2858751858248,Mens T-shirts,Mens T-shirts,Cotton Men T-Shirt,i3,Mens T-shirts,160.0,INR,Piece,₹ 160/Piece,,,Available,,50 Piece,Unisex,Black,,S,,"Single Jersey, Poly Cotton",Printed,Regular Fit,Half Sleeve,Polo Neck / Collar,,,,,"220 GSM, 180 GSM",,,,DTF Print,,SINGLE PACK,https://5.imimg.com/data5/SELLER/Default/2026/2/586643843/AY/AY/QN/130624909/product-jpeg-500x500.jpeg,https://5.imimg.com/data5/SELLER/Default/2026/2/586643843/AY/AY/QN/130624909/product-jpeg-500x500.jpeg; https://5.imimg.com/data5/SELLER/Default/2026/2/586643691/NU/XB/NF/130624909/product-jpeg-500x500.jpeg; https://5.imimg.com/data5/ANDROID/Default/2026/2/580950618/QC/BC/JM/130624909/product-jpeg-500x500.jpg; https://5.imimg.com/data5/ANDROID/Default/2026/2/580950619/LW/OG/ES/130624909/product-jpeg-500x500.jpg; https://5.imimg.com/data5/ANDROID/Default/2026/2/580950620/GB/TH/CB/130624909/product-jpeg-500x500.jpg; https://5.imimg.com/data5/ANDROID/Default/2026/2/580950626/FL/VA/JC/130624909/product-jpeg-500x500.jpg; https://5.imimg.com/data5/SELLER/Default/2026/2/586643725/ND/QO/CC/130624909/product-jpeg-500x500.jpeg; https://5.imimg.com/data5/SELLER/Default/2026/2/586643737/PW/YL/RB/130624909/product-jpeg-500x500.jpeg; https://5.imimg.com/data5/SELLER/Default/2026/2/586643755/MK/EP/AW/130624909/product-jpeg-500x500.jpeg; https://5.imimg.com/data5/SELLER/Default/2026/2/586643779/CI/TY/AL/130624909/product-jpeg-500x500.jpeg; https://5.imimg.com/data5/SELLER/Default/2026/2/586643791/XO/OZ/UK/130624909/product-jpeg-500x500.jpeg; https://5.imimg.com/data5/SELLER/Default/2026/2/586643799/KB/KS/OC/130624909/product-jpeg-500x500.jpeg; https://5.imimg.com/data5/SELLER/Default/2026/2/586643861/ZD/YY/SO/130624909/product-jpeg-500x500.jpeg,images/P027/image_01.jpeg,https://www.indiamart.com/i3innovation/mens-t-shirts.html#2858751858248,https://5.imimg.com/data5/SELLER/Doc/2026/2/586641149/TG/XA/QG/130624909/cotton-men-t-shirt.pdf,"A casual to smart-casual top featuring a collar , a placket neckline with two or three buttons, and typically short sleeves. They offer a more formal, stylish appearance than traditional crewneck T-shirt,Smart-casual polo T-shirt featuring a ribbed collar and a two-button placket. Combines the relaxed ease of a tee with the refined look of a collared shirt for work or leisure.
P028,2858916580973,Mens T-shirts,Mens T-shirts,Men Plain T Shirt,I3 Innovation,Mens T-shirts,160.0,INR,Piece,₹ 160/Piece,,,Available,,500 Piece,Casual Wear,"Grey, Red, Royal Blue, White, Navy Blue, Black, Green, Orange, Maroon, Yellow",,L,,100% Cotton,,Regular Fit,Half Sleeve,Polo / Collar,,,,,220 GSM,,,,,,SINGLE PACK,https://5.imimg.com/data5/SELLER/Default/2022/8/JE/BV/FK/130624909/men-collar-t-shirt-500x500.jpg,https://5.imimg.com/data5/SELLER/Default/2022/8/JE/BV/FK/130624909/men-collar-t-shirt-500x500.jpg; https://5.imimg.com/data5/SELLER/Default/2026/3/589974029/BA/TA/KL/130624909/men-plain-t-shirt-500x500.jpeg; https://5.imimg.com/data5/SELLER/Default/2026/3/589974063/SD/DE/ZT/130624909/product-500x500.jpeg; https://5.imimg.com/data5/SELLER/Default/2026/3/589974101/KE/TU/XW/130624909/product-500x500.jpeg; https://5.imimg.com/data5/SELLER/Default/2026/3/589974143/ZR/IS/MY/130624909/product-500x500.jpeg; https://5.imimg.com/data5/SELLER/Default/2022/8/VU/BY/NW/130624909/men-collar-t-shirt-500x500.jpg; https://5.imimg.com/data5/SELLER/Default/2022/8/HC/RT/WW/130624909/men-collar-t-shirt-500x500.jpg; https://5.imimg.com/data5/SELLER/Default/2022/3/GS/MJ/ZC/130624909/polyester-safety-shirts-66850-500x500.jpg,images/P028/image_01.jpg,https://www.indiamart.com/i3innovation/mens-t-shirts.html#2858916580973,https://5.imimg.com/data5/SELLER/Doc/2026/3/589974691/XC/QG/YH/130624909/men-plain-t-shirt.pdf,"mEN CORPORATE PROMOTIONAL COLLER POLO T SHIRTS WITH BRANDING AND DESIGN AS PER CLINTS REQUIREMENTS WE DO WITH REGULAR FITTINGS,"Minimalist regular-fit polo T-shirt crafted for corporate gifting and team branding. Features a clean ribbed collar, tailored fit, and smooth surface ready for embroidery or printing."
P029,25273464662,Mens T-shirts,"T Shirts, Printed T Shirt",Polyester Mens T Shirt,I3,"T Shirts, Printed T Shirt",75.0,INR,Piece,₹ 75/Piece,,,Available,,500 Piece,,,S/M/L/XL,,Polyester,"Micro Poly, 100% Polyester",Plain,Regular Fit,Half Sleeve,"Round, Round Neck",Casual Wear,,,,140 GSM,Handwash,Made in India,,,,SINGLE PP PACKING,https://5.imimg.com/data5/SELLER/Default/2025/7/526761854/QY/UZ/QN/130624909/09ebca4f549af5f71005e4ec114ee172-500x500.jpeg,https://5.imimg.com/data5/SELLER/Default/2025/7/526761854/QY/UZ/QN/130624909/09ebca4f549af5f71005e4ec114ee172-500x500.jpeg; https://5.imimg.com/data5/SELLER/Default/2025/7/526760768/NT/KM/DX/130624909/polyester-t-shirt-suppliers-exporters-500x500.jpeg; https://5.imimg.com/data5/SELLER/Default/2022/3/SG/JX/UZ/130624909/polyester-safety-shirts-66850-500x500.jpg; https://5.imimg.com/data5/SELLER/Default/2022/3/FA/KJ/GO/130624909/polyester-t-shirt-suppliers-exporters-500x500-1--500x500.jpg; https://5.imimg.com/data5/SELLER/Default/2022/3/GV/MI/CX/130624909/polyester-t-shirt-suppliers-exporters-500x500-2--500x500.jpg; https://5.imimg.com/data5/SELLER/Default/2022/3/XM/JX/CD/130624909/polyester-t-shirt-w410-500x500.jpg; https://5.imimg.com/data5/SELLER/Default/2022/3/BY/HC/QQ/130624909/shirt-blue-453x483-500x500.png; https://5.imimg.com/data5/SELLER/Default/2022/3/UA/SO/SL/130624909/s-l300-500x500.jpg; https://5.imimg.com/data5/ANDROID/Default/2026/6/619414892/NZ/ST/ZQ/130624909/product-jpeg-500x500.jpg; https://5.imimg.com/data5/ANDROID/Default/2026/6/619414930/NU/AH/HO/130624909/product-jpeg-500x500.jpg; https://5.imimg.com/data5/ANDROID/Default/2026/6/619414936/LP/PP/CG/130624909/product-jpeg-500x500.jpg; https://5.imimg.com/data5/ANDROID/Default/2026/6/619414958/HX/TJ/OA/130624909/product-jpeg-500x500.jpg; https://5.imimg.com/data5/ANDROID/Default/2026/6/619414979/ED/YT/SO/130624909/product-jpeg-500x500.jpg,images/P029/image_01.jpeg,https://www.indiamart.com/i3innovation/mens-t-shirts.html#25273464662,https://5.imimg.com/data5/SELLER/Doc/2024/3/405673816/JZ/CI/HV/130624909/polyester-mens-t-shirt.pdf,"Design round-neck t-shirts for your whole team! We ensure proper alignment, design output,"Performance dry-fit polyester T-shirt engineered for corporate events, sports meets, and team promotions. Lightweight, quick-drying, and fully customizable with screen printing."
P030,2853908203755,Mens T-shirts,Mens T-shirts,Collar T Shirt,i3,Mens T-shirts,222.0,INR,Piece,₹ 222/Piece,,,Available,,200 Piece,,,,,,Cotton,Plain,,Half Sleeves,Polo,Casual Wear,4-60,,,220 GSM,,Made in India,,"Screen Print, Logo Print, Embroidery, Sublimation Print, DTF Print",,single pack,https://5.imimg.com/data5/SELLER/Default/2024/4/410896859/KM/TE/TX/130624909/men-s-white-polo-t-shirt-500x500.jpeg,https://5.imimg.com/data5/SELLER/Default/2024/4/410896859/KM/TE/TX/130624909/men-s-white-polo-t-shirt-500x500.jpeg; https://5.imimg.com/data5/SELLER/Default/2024/4/410896404/RI/YT/LQ/130624909/polo-2-500x500.jpg; https://5.imimg.com/data5/SELLER/Default/2024/4/410896407/TU/DT/PV/130624909/polo-3-500x500.jpg; https://5.imimg.com/data5/SELLER/Default/2024/4/410896412/KA/PM/EU/130624909/polo-4-500x500.jpg; https://5.imimg.com/data5/SELLER/Default/2024/4/410896416/EJ/GG/OV/130624909/polo-5-500x500.jpg; https://5.imimg.com/data5/SELLER/Default/2024/4/410896420/YF/SU/MY/130624909/printed-t-shirt-500x500.jpg; https://5.imimg.com/data5/SELLER/Default/2024/4/410896423/OG/ZC/RE/130624909/product-image-242953476-1024x1024-500x500.jpg; https://5.imimg.com/data5/SELLER/Default/2024/4/410896425/BA/OR/OQ/130624909/product-image-1322404751-1024x1024-500x500.jpg; https://5.imimg.com/data5/SELLER/Default/2024/4/410896431/YQ/QM/KQ/130624909/promotional-t-shirt-500x500.jpg; https://5.imimg.com/data5/SELLER/Default/2024/4/410896438/TT/JT/XL/130624909/sublimation-t-shirt-500x500.jpg; https://5.imimg.com/data5/SELLER/Default/2024/4/410896442/YX/VI/MA/130624909/wrangler-500x500.jpg,images/P030/image_01.jpeg,https://www.indiamart.com/i3innovation/mens-t-shirts.html#2853908203755,https://5.imimg.com/data5/SELLER/Doc/2024/4/410897007/EI/XE/SI/130624909/collar-t-shirt.pdf,"Best quality products are available here .Contact us for more information WE DO CUSTOMISED ALL TYPES OF T SHIRTS AS PER OUR CLINTS DESIRED, COTTON, POLYESTER, DRYFIT, ROUND NECK POLOS,"Versatile collared polo T-shirt customized to your organization's exact requirements. Available in pure cotton, dry-fit polyester, or cotton-blend with custom DTF or embroidery branding."
P031,23792637791,Mens T-shirts,round neck printing T shirts,Men S Customized T Shirt,I3,round neck printing T shirts,160.0,INR,Piece,₹ 160/Piece,,,Available,,100 Piece,,,,"XS, 4XL, XL, 3XL, M, S, L, XXL",,Cotton,Plain,Regular Fit,Half Sleeve,Round Neck,,15 -80,,,,,,,"Screen Printing, Embroidery, High Density Print, Vinyl Printing, Sublimation, Puff Print, DTF Printing, Front & Back Print, Custom Design Printing, Back Print, Custom Color Accents, Logo Printing, Sleeve Print, Name & Number Printing",,100 pcs per box,https://5.imimg.com/data5/ANDROID/Default/2021/8/YW/HB/UR/130624909/product-jpeg-500x500.jpg,https://5.imimg.com/data5/ANDROID/Default/2021/8/YW/HB/UR/130624909/product-jpeg-500x500.jpg; https://5.imimg.com/data5/ANDROID/Default/2021/8/VZ/WI/HD/130624909/product-jpeg-500x500.jpg; https://5.imimg.com/data5/ANDROID/Default/2021/8/FQ/CC/FF/130624909/product-jpeg-500x500.jpg; https://5.imimg.com/data5/ANDROID/Default/2021/8/UA/VC/IX/130624909/product-jpeg-500x500.jpg; https://5.imimg.com/data5/ANDROID/Default/2021/8/JO/XR/NP/130624909/product-jpeg-500x500.jpg; https://5.imimg.com/data5/SELLER/Default/2024/3/403328957/MK/LH/VN/130624909/men-s-customized-t-shirt-500x500.jpg; https://5.imimg.com/data5/SELLER/Default/2024/3/403328959/OS/HP/GC/130624909/men-s-customized-t-shirt-500x500.jpg; https://5.imimg.com/data5/SELLER/Default/2024/3/403328964/ZF/RX/YJ/130624909/men-s-customized-t-shirt-500x500.jpg; https://5.imimg.com/data5/SELLER/Default/2024/3/403328965/JB/WK/BM/130624909/men-s-customized-t-shirt-500x500.jpg,images/P031/image_01.jpg,https://www.indiamart.com/i3innovation/mens-t-shirts.html#23792637791,https://5.imimg.com/data5/SELLER/Doc/2024/3/403329087/CD/CK/JI/130624909/men-s-customized-t-shirt.pdf,"Design round-neck t-shirts for your whole team! We ensure proper alignment, design output,"Custom-printed round-neck team T-shirts with sharp, vibrant graphics. Crafted with precision color alignment and high-washability screen printing for businesses and teams."
P032,2852145698062,Mens T-shirts,Mens T-shirts,Polo Men T Shirt,i3,Mens T-shirts,240.0,INR,Piece,₹ 240/Piece,,,Available,,100 Piece,Corporate Wear,"Black, all colours, Red, White, Grey Melange, Navy Blue, Royal Blue",,,,"Polycotton, Cotton",,Regular Fit,"Half Sleeve, Half sleeves",Polo Neck,Casual Wear,,,,220 GSM,Machine Wash,Made in India,,,,single pp pack,https://5.imimg.com/data5/SELLER/Default/2023/9/341867123/MM/PX/LX/130624909/custom-printed-t-shirts-500x500.jpg,https://5.imimg.com/data5/SELLER/Default/2023/9/341867123/MM/PX/LX/130624909/custom-printed-t-shirts-500x500.jpg; https://5.imimg.com/data5/SELLER/Default/2023/9/341866925/YP/PD/AJ/130624909/custom-printed-t-shirts-500x500.jpg; https://5.imimg.com/data5/SELLER/Default/2023/9/341866924/QS/RQ/KU/130624909/custom-printed-t-shirts-500x500.jpg; https://5.imimg.com/data5/SELLER/Default/2023/9/341859243/MV/JL/UI/130624909/5-500x500.jpg; https://5.imimg.com/data5/SELLER/Default/2023/9/341859241/AK/SC/KG/130624909/4-500x500.jpg; https://5.imimg.com/data5/SELLER/Default/2023/9/341859240/BG/CI/SZ/130624909/3-500x500.jpg,images/P032/image_01.jpg,https://www.indiamart.com/i3innovation/mens-t-shirts.html#2852145698062,https://5.imimg.com/data5/SELLER/Doc/2024/3/405677580/UK/IO/BU/130624909/polo-men-t-shirt.pdf,"We do customize mens , unisex corporate, promotional, events T shirts for all session and all purpose, available on order basis all colours and desired quality by the clints. We do printing, sublimation, DTF,"Customizable men's polo T-shirt suitable for company promotions, golf days, and staff uniforms. Available on order with customized dyeing, embroidery, or sublimation prints."
P033,2858751858133,Mens T-shirts,Mens T-shirts,Round Neck Men T-Shirt,I3 Innovation,Mens T-shirts,180.0,INR,Piece,₹ 180/Piece,,,Available,,50 Piece,,"Yellow, White, Royal Blue, Green, Navy Blue, Red, Black, Grey",XL,S,,"Cotton, Soft Flow Wash",Printed,Regular Fit,Half Sleeve,,,,,,"180, 160",,,,,,Single Pack,https://5.imimg.com/data5/ANDROID/Default/2026/2/580947188/QK/JN/WE/130624909/product-jpeg-500x500.jpg,https://5.imimg.com/data5/ANDROID/Default/2026/2/580947188/QK/JN/WE/130624909/product-jpeg-500x500.jpg; https://5.imimg.com/data5/ANDROID/Default/2026/2/580947888/BM/IC/HZ/130624909/product-500x500.jpg; https://5.imimg.com/data5/ANDROID/Default/2026/2/580947886/KN/BD/GC/130624909/product-500x500.jpg; https://5.imimg.com/data5/ANDROID/Default/2026/2/580947887/TM/ZF/JZ/130624909/product-500x500.jpg; https://5.imimg.com/data5/ANDROID/Default/2026/2/580947889/SP/JA/KC/130624909/product-500x500.jpg; https://5.imimg.com/data5/ANDROID/Default/2026/2/580947890/YN/JF/WS/130624909/product-500x500.jpg; https://5.imimg.com/data5/ANDROID/Default/2026/2/580947893/IO/HL/FF/130624909/product-500x500.jpg; https://5.imimg.com/data5/ANDROID/Default/2026/2/580947894/GS/NT/AK/130624909/product-500x500.jpg; https://5.imimg.com/data5/ANDROID/Default/2026/2/580947899/KN/BI/EQ/130624909/product-500x500.jpg; https://5.imimg.com/data5/ANDROID/Default/2026/2/580947897/JZ/DO/KP/130624909/product-500x500.jpg; https://5.imimg.com/data5/ANDROID/Default/2026/2/580947519/ZE/QI/AT/130624909/product-jpeg-500x500.jpg,images/P033/image_01.jpg,https://www.indiamart.com/i3innovation/mens-t-shirts.html#2858751858133,https://5.imimg.com/data5/SELLER/Doc/2026/2/586641170/NT/XT/IT/130624909/round-neck-men-t-shirt.pdf,"Round neck T-shirts are a universal,classic garments for all genders,"A wardrobe essential crafted from soft, breathable cotton jersey. Features a reinforced rib-knit crewneck that stays in shape wash after wash for effortless casual style."
P034,23791723973,Mens T-shirts,Printed T Shirt,Men V Neck Cotton T Shirt,I3 Innovation,Printed T Shirt,155.0,INR,Piece,₹ 155/Piece,,,Available,,100 Piece,,,M/L/XL,,,"KULTI, Cotton",Plain,,Half Sleeve,"V Neck, V-Neck",Casual Wear,,,,180 GSM,Machine Wash,Made in India,,"Screen Printing, DTF Printing, Embroidery, Digital Printing",,100 PCS BOX,https://5.imimg.com/data5/SELLER/Default/2021/8/UF/YB/XY/130624909/men-v-neck-cotton-t-shirt-500x500.jpg,https://5.imimg.com/data5/SELLER/Default/2021/8/UF/YB/XY/130624909/men-v-neck-cotton-t-shirt-500x500.jpg; https://5.imimg.com/data5/SELLER/Default/2024/5/421908001/XQ/XF/WE/130624909/e07e774e807f23fe0c67dbd63aa69d07-500x500.jpg; https://5.imimg.com/data5/ANDROID/Default/2024/8/445152783/DF/EQ/LN/130624909/prod-20240823-1515227206454991043302041-jpg-500x500.jpg; https://5.imimg.com/data5/SELLER/Default/2021/8/TS/LN/TR/130624909/31qg-9hvuql-sl500-396x-500x500.jpg; https://5.imimg.com/data5/SELLER/Default/2021/8/VG/XW/TY/130624909/product-image-242953476-1024x1024-500x500.jpg; https://5.imimg.com/data5/SELLER/Default/2021/8/LP/QL/OG/130624909/3159udungsl-sl500-396x-500x500.jpg; https://5.imimg.com/data5/ANDROID/Default/2024/8/445122276/CE/BM/LS/130624909/product-jpeg-500x500.jpeg; https://5.imimg.com/data5/ANDROID/Default/2024/8/445121561/ET/FZ/CN/130624909/product-jpeg-500x500.jpg; https://5.imimg.com/data5/SELLER/Default/2021/8/XM/UK/EU/130624909/317dbkpafgl-sl500-396x-500x500.jpg,images/P034/image_01.jpg,https://www.indiamart.com/i3innovation/mens-t-shirts.html#23791723973,https://5.imimg.com/data5/SELLER/Doc/2024/3/405674019/CU/FZ/MN/130624909/men-v-neck-cotton-t-shirt.pdf,"Modern V-neck T-shirt tailored from a premium bamboo-cotton blend with 5% elastane. Delivers gentle natural stretch, superior breathability, and an ultra-soft feel against the skin."
P035,2857772109488,Mens T-shirts,Mens T-shirts,Men T-Shirts,I3 Innovation,Mens T-shirts,150.0,INR,Piece,₹ 150/Piece,,,Available,,50 Piece,,Black,,,,Dry Fit,Digital Print,Regular Fit,Half Sleeve,Polo / Collar,Casual Wear,,,,160 GSM,Machine Wash,,,,,single pp pack,https://5.imimg.com/data5/SELLER/Default/2025/10/555647351/PN/MI/TW/130624909/men-t-shirts-500x500.jpeg,https://5.imimg.com/data5/SELLER/Default/2025/10/555647351/PN/MI/TW/130624909/men-t-shirts-500x500.jpeg; https://5.imimg.com/data5/SELLER/Default/2025/10/555647040/YO/KZ/UP/130624909/men-t-shirts-500x500.jpeg; https://5.imimg.com/data5/SELLER/Default/2025/10/555647092/YU/DS/UU/130624909/men-t-shirts-500x500.jpeg; https://5.imimg.com/data5/SELLER/Default/2025/10/555646969/ZV/VX/AQ/130624909/men-t-shirts-500x500.jpeg; https://5.imimg.com/data5/SELLER/Default/2025/10/555647127/WI/BD/VM/130624909/men-t-shirts-500x500.jpeg; https://5.imimg.com/data5/SELLER/Default/2025/11/559023565/JB/OK/GK/130624909/men-t-shirts-500x500.jpeg; https://5.imimg.com/data5/SELLER/Default/2025/11/559023488/VC/PE/YE/130624909/men-t-shirts-500x500.jpeg,images/P035/image_01.jpeg,https://www.indiamart.com/i3innovation/mens-t-shirts.html#2857772109488,https://5.imimg.com/data5/SELLER/Doc/2025/10/555647486/UJ/HI/ZE/130624909/men-t-shirts.pdf,"men casual promotional t shirts , customised with all colours and specification, light weight, comfortable long lasting with quqlity finish, we care the value of our customers. The graph check pattern is characterised by a single colour uniform grid on a plain, often white, base. A white shirt with a navy blue grid, which is conservative and subtle, is a staple in most men's wardrobes. Other variations include red, green, yellow, and pink checks,"Smart micro-grid check casual shirt crafted from lightweight, breathable fabric. Features a crisp clean pattern and regular fit that transitions seamlessly from office to weekend."
P036,2858848069933,Mens T-shirts,Mens T-shirts,T Shirts,I3 Innovation,Mens T-shirts,180.0,INR,Piece,₹ 180/Piece,,,Available,,200 Piece,Promotional,Multi-Color,"34, 22, 32, 40, 28, 30, 36, all sizes, 24, 26, 38",,,Polycotton,Solid,Regular Fit,Half Sleeve,Polo Neck,,Private School,,,160 GSM,,,,"Sublimation, Logo Printing, Logo Embroidery, Name Printing",,SINGLE PP PACK,https://5.imimg.com/data5/SELLER/Default/2024/8/445179427/PF/QM/EF/130624909/polyester-t-shirt-500x500.jpeg,https://5.imimg.com/data5/SELLER/Default/2024/8/445179427/PF/QM/EF/130624909/polyester-t-shirt-500x500.jpeg; https://5.imimg.com/data5/ANDROID/Default/2026/2/585515695/KK/CQ/WV/130624909/product-jpeg-500x500.jpg; https://5.imimg.com/data5/ANDROID/Default/2026/2/585515866/JS/HC/LB/130624909/product-500x500.jpg; https://5.imimg.com/data5/SELLER/Default/2024/12/475993750/BP/WR/LN/130624909/whatsapp-image-2024-12-25-at-3-18-55-pm-500x500.jpeg; https://5.imimg.com/data5/SELLER/Default/2024/9/450598071/QL/WT/LT/130624909/5-500x500.jpg,images/P036/image_01.jpeg,https://www.indiamart.com/i3innovation/mens-t-shirts.html#2858848069933,https://5.imimg.com/data5/SELLER/Doc/2026/2/586309984/OG/PJ/CI/130624909/t-shirts.pdf,"Introducing the Men's Plane Oversized Lavender T-shirt, Loop Knit. Elevate your style game with this effortlessly cool wardrobe staple. Crafted from a luxurious loop knit fabric, this oversized lavender t-shirt offers a perfect blend of comfort and style. The lightweight material drapes beautifully, ensuring a relaxed yet modern silhouette. Designed for the modern man who values both fashion and comfort, this t-shirt effortlessly combines simplicity with sophistication. The calming lavender shade adds a touch of serenity to your outfit,"Modern oversized loop-knit T-shirt in an on-trend calming lavender hue. Features relaxed drop shoulders, a roomy boxy fit, and cozy breathable fabric that drapes effortlessly."
P037,2858845547662,Mens T-shirts,Mens T-shirts,Men Lycra T-Shirt,I3 Innovation,Mens T-shirts,145.0,INR,Piece,₹ 145/Piece,,,Available,,50 Piece,"Promotional Use, Sportswear, Casual Wear, Corporate Use",,,M,,"Poly Lycra, PC (Poly-Cotton) Lycra",,Regular Fit,Half Sleeve,Polo Neck,,,,,180 GSM,,,,,,SINGLE PACK,https://5.imimg.com/data5/ANDROID/Default/2026/2/585397883/CU/TZ/SJ/130624909/product-jpeg-500x500.jpg,https://5.imimg.com/data5/ANDROID/Default/2026/2/585397883/CU/TZ/SJ/130624909/product-jpeg-500x500.jpg; https://5.imimg.com/data5/ANDROID/Default/2026/2/585398010/VE/WU/SA/130624909/product-jpeg-500x500.jpg; https://5.imimg.com/data5/ANDROID/Default/2026/2/585398156/LL/HS/GG/130624909/product-jpeg-500x500.jpg; https://5.imimg.com/data5/ANDROID/Default/2026/2/585431338/ST/CF/GO/130624909/product-jpeg-500x500.jpg; https://5.imimg.com/data5/ANDROID/Default/2026/2/585431351/XG/RJ/CO/130624909/product-jpeg-500x500.jpg,images/P037/image_01.jpg,https://www.indiamart.com/i3innovation/mens-t-shirts.html#2858845547662,https://5.imimg.com/data5/SELLER/Doc/2026/2/586641050/DA/UU/IX/130624909/men-lycra-t-shirt.pdf,"High-performance 4-way stretch Lycra T-shirt built for workouts and active mobility. Adapts smoothly to your movements while offering quick-drying, moisture-wicking comfort."
P038,2855524847433,Rain Coat,"Rainsuit, Raincoat",Raincoat (Revil Sivil),I3 Innovation,"Rainsuit, Raincoat",340.0,INR,Piece,₹ 340/Piece,,,Available,,500 Piece,"Unisex, Men",Yes,XL,,Polyester,,Solid,,Full Sleeves,,,,,,,,Made in India,,,,Single packing,https://5.imimg.com/data5/SELLER/Default/2024/12/475921178/VB/JU/GA/130624909/whatsapp-image-2024-12-25-at-1-48-08-pm-1-500x500.jpeg,https://5.imimg.com/data5/SELLER/Default/2024/12/475921178/VB/JU/GA/130624909/whatsapp-image-2024-12-25-at-1-48-08-pm-1-500x500.jpeg; https://5.imimg.com/data5/SELLER/Default/2024/12/475921447/HH/IF/KX/130624909/whatsapp-image-2024-12-25-at-1-48-08-pm-2-500x500.jpeg; https://5.imimg.com/data5/SELLER/Default/2024/12/475921693/BD/LM/CD/130624909/whatsapp-image-2024-12-25-at-1-48-08-pm-500x500.jpeg; https://5.imimg.com/data5/SELLER/Default/2024/12/475935098/XS/EE/IK/130624909/raincoat-revil-sivil-500x500.jpeg; https://5.imimg.com/data5/SELLER/Default/2024/12/475935238/BS/DX/NB/130624909/raincoat-revil-sivil-500x500.jpeg; https://5.imimg.com/data5/SELLER/Default/2024/12/475935379/PW/RM/RC/130624909/raincoat-revil-sivil-500x500.jpeg; https://5.imimg.com/data5/SELLER/Default/2024/12/475935507/GC/TH/DQ/130624909/raincoat-revil-sivil-500x500.jpeg,images/P038/image_01.jpeg,https://www.indiamart.com/i3innovation/rain-coat.html#2855524847433,https://5.imimg.com/data5/SELLER/Doc/2024/12/475925210/QZ/HS/UM/130624909/raincoat-revil-sivil.pdf,"Non-PFC DWR finished premium soft fabric . Single pull adjuster does not restrict vision. Front storm double flap with added tunnel & button closure. Inner utility pocket . Articulated patterning for unrestricted mobility. Classic fit is cut comfortably throughout the chest, waist, hip, and thigh. It allows freedom of movement, provides shape, and layers comfortably over or under our layers. Hood: Fixed, Adjustable Vision Field,"Heavy-duty waterproof raincoat crafted from soft, DWR-finished fabric with an inner PVC protective lining. Equipped with an adjustable hood, double storm flaps, and reflective safety accents."
P039,2855525000312,Rain Coat,Rainsuit,Raincoat (Revil Sivil ),I3,Rainsuit,275.0,INR,Piece,₹ 275/Piece,,,Available,,100 Piece,Unisex,Yes,,,PVC,,Solid,,,,,,,,,,,,,,SINGLE PACK,https://5.imimg.com/data5/SELLER/Default/2024/12/475938109/FN/QG/PX/130624909/whatsapp-image-2024-12-25-at-1-48-08-pm-1-500x500.jpeg,https://5.imimg.com/data5/SELLER/Default/2024/12/475938109/FN/QG/PX/130624909/whatsapp-image-2024-12-25-at-1-48-08-pm-1-500x500.jpeg; https://5.imimg.com/data5/SELLER/Default/2024/12/475929081/GL/VW/JP/130624909/whatsapp-image-2024-12-25-at-1-48-08-pm-1-500x500.jpeg; https://5.imimg.com/data5/SELLER/Default/2024/12/475937877/MG/OJ/CW/130624909/whatsapp-image-2024-12-25-at-1-48-08-pm-1-500x500.jpeg; https://5.imimg.com/data5/SELLER/Default/2024/12/475934586/TE/HF/BL/130624909/raincoat-revil-sivil-500x500.jpeg; https://5.imimg.com/data5/SELLER/Default/2024/12/475929467/QF/VJ/US/130624909/whatsapp-image-2024-12-25-at-1-48-08-pm-500x500.jpeg; https://5.imimg.com/data5/SELLER/Default/2024/12/475934893/FR/JJ/WH/130624909/raincoat-revil-sivil-500x500.jpeg; https://5.imimg.com/data5/SELLER/Default/2024/12/475929297/OE/SN/FT/130624909/whatsapp-image-2024-12-25-at-1-48-08-pm-2-500x500.jpeg; https://5.imimg.com/data5/SELLER/Default/2024/12/475938146/WN/ZM/IT/130624909/whatsapp-image-2024-12-25-at-1-48-08-pm-2-500x500.jpeg,images/P039/image_01.jpeg,https://www.indiamart.com/i3innovation/rain-coat.html#2855525000312,https://5.imimg.com/data5/SELLER/Doc/2024/12/475929596/XO/QF/LC/130624909/i3-innovation-catalouge-1.pdf,"Hooded Raincoat: The top jacket comes with a hood to provide complete protection to your head against rain. The reflective logo has been provided in the front and back for safety doing low light conditions. Waterproof Pant & Carrying Pouch: The product comes with waterproof pant to ensure that you stay completely dry during the rain, along with a carrying pouch making easy to carry during trekking, bike rides, camping, etc. Flap over Zipper and extra Pockets: The raincoat jacket comes with a flap over the Zipper and to provide additional protection and increased convenience to bikers during their bike High Neck with Cuff Protection: The Waterproof Jackets comes with Drawstring & buttons at the wrist and a high neck design to ensure water does not seep through the Neck area & cuffs. Windproof: Hood and bottom of the jackets come with Draw-strings or buttons that ensure a perfect fit,"Complete two-piece rain suit including a hooded jacket, waterproof pants, and a compact carrying pouch. Features zipper storm flaps, high-neck collar, and reflective elements for safe bike commuting."
P040,2855525161455,Rain Coat,Raincoat,Rain Coat ( Revil Sivil ),I3 Innovation,Raincoat,350.0,INR,Piece,₹ 350/Piece,,,Available,,500 Piece,"Unisex, Men",Yes,XL,,Polyester,,Solid,,,,,,,,,,Made in India,,,,Single packing,https://5.imimg.com/data5/SELLER/Default/2024/12/475938109/FN/QG/PX/130624909/whatsapp-image-2024-12-25-at-1-48-08-pm-1-500x500.jpeg,https://5.imimg.com/data5/SELLER/Default/2024/12/475938109/FN/QG/PX/130624909/whatsapp-image-2024-12-25-at-1-48-08-pm-1-500x500.jpeg; https://5.imimg.com/data5/SELLER/Default/2024/12/475936878/FO/XJ/QJ/130624909/raincoat-revil-sivil-500x500.jpeg; https://5.imimg.com/data5/SELLER/Default/2024/12/475938146/WN/ZM/IT/130624909/whatsapp-image-2024-12-25-at-1-48-08-pm-2-500x500.jpeg; https://5.imimg.com/data5/SELLER/Default/2024/12/475937877/MG/OJ/CW/130624909/whatsapp-image-2024-12-25-at-1-48-08-pm-1-500x500.jpeg; https://5.imimg.com/data5/SELLER/Default/2024/12/475936929/AM/EV/UV/130624909/whatsapp-image-2024-12-25-at-1-48-08-pm-500x500.jpeg; https://5.imimg.com/data5/SELLER/Default/2024/12/475937932/XI/GP/KN/130624909/raincoat-revil-sivil-500x500.jpeg; https://5.imimg.com/data5/SELLER/Default/2024/12/475937552/MJ/TQ/TX/130624909/raincoat-revil-sivil-500x500.jpeg; https://5.imimg.com/data5/SELLER/Default/2024/12/475938008/IZ/CB/PH/130624909/raincoat-revil-sivil-500x500.jpeg,images/P040/image_01.jpeg,https://www.indiamart.com/i3innovation/rain-coat.html#2855525161455,https://5.imimg.com/data5/SELLER/Doc/2024/12/475939230/WV/GA/YN/130624909/raincoat-revil-sivil.pdf,"Hooded Raincoat: The top jacket comes with a hood to provide complete protection to your head against rain. The reflective logo has been provided in the front and back for safety doing low light conditions. Waterproof Pant & Carrying Pouch: The product comes with waterproof pant to ensure that you stay completely dry during the rain, along with a carrying pouch making easy to carry during trekking, bike rides, camping, etc. Flap over Zipper and extra Pockets: The raincoat jacket comes with a flap over the Zipper and to provide additional protection and increased convenience to bikers during their bike High Neck with Cuff Protection: The Waterproof Jackets comes with Drawstring & buttons at the wrist and a high neck design to ensure water does not seep through the Neck area & cuffs. Windproof: Hood and bottom of the jackets come with Draw-strings or buttons that ensure a perfect fit,All-weather hooded rain jacket paired with waterproof trousers. Windproof and leak-proof with elasticated cuffs and an adjustable drawstring hem to keep you dry in heavy downpours.
P041,2855525365488,Rain Coat,Rainsuit,Rain coat ( Revil Sivil ),I3 Innovation,Rainsuit,350.0,INR,Piece,₹ 350/Piece,,,Available,,500 Piece,Unisex,Yes,XL,,Polyester,,Solid,,Full Sleeves,,,,,,,,Made in India,,,,singls pack,https://5.imimg.com/data5/SELLER/Default/2024/12/475948146/DO/QL/RJ/130624909/whatsapp-image-2024-12-25-at-1-48-08-pm-1-500x500.jpeg,https://5.imimg.com/data5/SELLER/Default/2024/12/475948146/DO/QL/RJ/130624909/whatsapp-image-2024-12-25-at-1-48-08-pm-1-500x500.jpeg; https://5.imimg.com/data5/SELLER/Default/2024/12/475945217/UV/LU/UO/130624909/whatsapp-image-2024-12-25-at-1-48-08-pm-500x500.jpeg; https://5.imimg.com/data5/SELLER/Default/2024/12/475945250/IB/GR/WP/130624909/whatsapp-image-2024-12-25-at-1-48-08-pm-2-500x500.jpeg; https://5.imimg.com/data5/SELLER/Default/2024/12/475945156/RT/CZ/KJ/130624909/whatsapp-image-2024-12-25-at-1-48-08-pm-1-500x500.jpeg; https://5.imimg.com/data5/SELLER/Default/2024/12/475945030/PX/UV/VD/130624909/whatsapp-image-2024-12-25-at-1-48-08-pm-2-500x500.jpeg; https://5.imimg.com/data5/SELLER/Default/2024/12/475944972/TU/EF/BP/130624909/raincoat-revil-sivil-500x500.jpeg; https://5.imimg.com/data5/SELLER/Default/2024/12/475944795/GB/AC/OP/130624909/raincoat-revil-sivil-500x500.jpeg; https://5.imimg.com/data5/SELLER/Default/2024/12/475936790/FM/RS/PF/130624909/raincoat-revil-sivil-500x500.jpeg; https://5.imimg.com/data5/SELLER/Default/2024/12/475948037/ZJ/LF/TN/130624909/whatsapp-image-2024-12-25-at-1-48-08-pm-1-500x500.jpeg; https://5.imimg.com/data5/SELLER/Default/2024/12/475947988/WK/CN/PJ/130624909/whatsapp-image-2024-12-25-at-1-48-08-pm-2-500x500.jpeg,images/P041/image_01.jpeg,https://www.indiamart.com/i3innovation/rain-coat.html#2855525365488,https://5.imimg.com/data5/SELLER/Doc/2024/12/475950746/BN/NH/WA/130624909/raincoat-revil-sivil.pdf,"Hooded Raincoat: The top jacket comes with a hood to provide complete protection to your head against rain. The reflective logo has been provided in the front and back for safety doing low light conditions. Waterproof Pant & Carrying Pouch: The product comes with waterproof pant to ensure that you stay completely dry during the rain, along with a carrying pouch making easy to carry during trekking, bike rides, camping, etc. Flap over Zipper and extra Pockets: The raincoat jacket comes with a flap over the Zipper and to provide additional protection and increased convenience to bikers during their bike High Neck with Cuff Protection: The Waterproof Jackets comes with Drawstring & buttons at the wrist and a high neck design to ensure water does not seep through the Neck area & cuffs. Windproof: Hood and bottom of the jackets come with Draw-strings or buttons that ensure a perfect fit,Rider-ready two-piece waterproof rain suit with a protective high collar and zipper storm shield. Includes a matching storage pouch for easy packing on motorcycle rides and outdoor treks.
P042,2855526363491,Rain Coat,"Raincoat, 2 Piece Suit, Rainsuit",Raincoats For Indian Raiway,I3 Innovation,"Raincoat, 2 Piece Suit, Rainsuit",550.0,INR,Piece,₹ 550/Piece,,,Available,,100 Piece,Unisex,Yes,"XL, XXL, Free Size, M, 3XL, 4XL, S, L",,PVC,,Solid,,Full Sleeves,,,,12 mm,,,,Made in India,,,,SINGLE BACK PACK,https://5.imimg.com/data5/SELLER/Default/2024/12/475993900/UF/KG/OW/130624909/whatsapp-image-2024-12-25-at-1-48-09-pm-5-500x500.jpeg,https://5.imimg.com/data5/SELLER/Default/2024/12/475993900/UF/KG/OW/130624909/whatsapp-image-2024-12-25-at-1-48-09-pm-5-500x500.jpeg; https://5.imimg.com/data5/SELLER/Default/2024/12/475995464/AA/HN/VG/130624909/whatsapp-image-2024-12-25-at-1-48-09-pm-2-500x500.jpeg; https://5.imimg.com/data5/SELLER/Default/2024/12/475995476/PM/OP/HH/130624909/whatsapp-image-2024-12-25-at-1-48-09-pm-1-500x500.jpeg; https://5.imimg.com/data5/SELLER/Default/2024/12/475995493/ZB/XL/CI/130624909/whatsapp-image-2024-12-25-at-1-48-09-pm-3-500x500.jpeg; https://5.imimg.com/data5/SELLER/Default/2024/12/475995441/FG/VQ/IR/130624909/whatsapp-image-2024-12-25-at-1-48-09-pm-500x500.jpeg,images/P042/image_01.jpeg,https://www.indiamart.com/i3innovation/rain-coat.html#2855526363491,https://5.imimg.com/data5/SELLER/Doc/2024/12/475995741/ZH/EW/TY/130624909/raincoats-for-indian-raiway.pdf,"A raincoat is a waterproof or water resistant garment worn on the the upper body to shield the wearer from rain.Rain jacket is sometimes used to refer to raincoats with long sleeves that are waist-length,Heavy-duty institutional waterproof rain suit engineered for rugged outdoor use. Features a waist-length jacket with sealed seams and matching rain trousers for complete head-to-toe protection.
P043,2855526348673,Rain Coat,"2 Piece Suit, Long Coat",Unisex Rain Coats,I3 Innovation,"2 Piece Suit, Long Coat",405.0,INR,Piece,₹ 405/Piece,,,Available,,100 Piece,Unisex,Yes,M,,PVC,,Solid,,Full Sleeves,,,,0.25 mm,,,,,,,,SINGLE PACK WITH COVER,https://5.imimg.com/data5/SELLER/Default/2024/12/475993844/CG/KK/HK/130624909/whatsapp-image-2024-12-25-at-1-48-09-pm-500x500.jpeg,https://5.imimg.com/data5/SELLER/Default/2024/12/475993844/CG/KK/HK/130624909/whatsapp-image-2024-12-25-at-1-48-09-pm-500x500.jpeg; https://5.imimg.com/data5/SELLER/Default/2024/12/475993960/RJ/WA/CJ/130624909/whatsapp-image-2024-12-25-at-1-48-09-pm-5-500x500.jpeg; https://5.imimg.com/data5/SELLER/Default/2024/12/475993996/TV/JL/PR/130624909/whatsapp-image-2024-12-25-at-1-48-09-pm-4-500x500.jpeg; https://5.imimg.com/data5/SELLER/Default/2024/12/475994048/AJ/JI/MJ/130624909/whatsapp-image-2024-12-25-at-1-48-09-pm-3-500x500.jpeg; https://5.imimg.com/data5/SELLER/Default/2024/12/475994131/YO/TF/OG/130624909/whatsapp-image-2024-12-25-at-1-48-09-pm-1-500x500.jpeg,images/P043/image_01.jpeg,https://www.indiamart.com/i3innovation/rain-coat.html#2855526348673,https://5.imimg.com/data5/SELLER/Doc/2024/12/475995263/WP/ZJ/KE/130624909/unisex-rain-coats.pdf,"A raincoat is a waterproof or water resistant garment worn on the the upper body to shield the wearer from rain.Rain jacket is sometimes used to refer to raincoats with long sleeves that are waist-length,"Versatile unisex rain protection suit crafted from waterproof, tear-resistant synthetic fabric. Designed with full sleeves, an adjustable hood, and generous coverage for daily commuting."
P044,2859428864988,Rain Coat,2 Piece Suit,Rain Coat,I3 Innovation,2 Piece Suit,150.0,INR,Piece,₹ 150/Piece,,,Available,,50 Piece,Unisex,,Free Size,,PVC,,Printed,,,,,,,,,,,,,,,https://5.imimg.com/data5/ANDROID/Default/2026/6/618589585/UH/KF/VP/130624909/product-500x500.jpg,https://5.imimg.com/data5/ANDROID/Default/2026/6/618589585/UH/KF/VP/130624909/product-500x500.jpg; https://5.imimg.com/data5/ANDROID/Default/2026/6/618589571/UF/AZ/KG/130624909/product-500x500.jpg; https://5.imimg.com/data5/ANDROID/Default/2026/6/618589576/YU/LT/NH/130624909/product-500x500.jpg; https://5.imimg.com/data5/ANDROID/Default/2026/6/618589575/FQ/ED/FW/130624909/product-500x500.jpg; https://5.imimg.com/data5/ANDROID/Default/2026/6/618589573/RP/ED/MM/130624909/product-500x500.jpg; https://5.imimg.com/data5/ANDROID/Default/2026/6/618589574/CI/DK/ZH/130624909/product-500x500.jpg; https://5.imimg.com/data5/ANDROID/Default/2026/6/618589579/GL/MJ/KF/130624909/product-500x500.jpg; https://5.imimg.com/data5/ANDROID/Default/2026/6/618589581/OY/XP/BL/130624909/product-500x500.jpg; https://5.imimg.com/data5/ANDROID/Default/2026/6/618589582/GR/YD/JJ/130624909/product-500x500.jpg; https://5.imimg.com/data5/ANDROID/Default/2026/6/618589584/DW/BN/RJ/130624909/product-500x500.jpg; https://5.imimg.com/data5/ANDROID/Default/2026/6/618589583/ZZ/FN/ZL/130624909/product-500x500.jpg; https://5.imimg.com/data5/ANDROID/Default/2026/6/618589586/BW/HO/UH/130624909/product-500x500.jpg,images/P044/image_01.jpg,https://www.indiamart.com/i3innovation/rain-coat.html#2859428864988,,"This waterproof light weight garment keeps you dry in the rain.. Typically crafted from synthetic,non-porous materials like nylon, polyester or PVC, though some are made with coated fabrics like oilskin... Design variations...Rain jacket with full pant, Poncho, Trench coat ,Lightweight waterproof rain suit crafted from non-porous coated material. Provides dependable weather protection with a comfortable roomy fit that layers easily over clothes.
P045,23791805012,Men's T-shirt,Printed T Shirt,Men's Round Neck Cotton Tshirt,I3 Innovation,Printed T Shirt,140.0,INR,Piece,₹ 140/Piece,,,Available,,100 Piece,,,S/M/L/XL,"3XL, L, XXL, M, XL, S",,"Cotton, Polycotton",Plain,"Regular Fit, YES",Half Sleeve,Round,Casual Wear,,,,160,Machine wash,Made in India,RND55,,,100 PCS PER BOX,https://5.imimg.com/data5/SELLER/Default/2021/8/AU/VX/GI/130624909/l-p3-s1-1800x1800-500x500.jpg,https://5.imimg.com/data5/SELLER/Default/2021/8/AU/VX/GI/130624909/l-p3-s1-1800x1800-500x500.jpg; https://5.imimg.com/data5/SELLER/Default/2021/8/OH/TR/VE/130624909/32560463-500x500.jpg; https://5.imimg.com/data5/SELLER/Default/2021/8/HS/FH/JI/130624909/green-maroon-white-2-1800x1800-500x500.jpg; https://5.imimg.com/data5/SELLER/Default/2021/8/SK/VM/AX/130624909/blue-maroon-black-2-1800x1800-500x500.jpg,images/P045/image_01.jpg,https://www.indiamart.com/i3innovation/mens-t-shirt.html#23791805012,https://5.imimg.com/data5/SELLER/Doc/2024/4/410884808/BE/SN/DK/130624909/men-s-round-neck-cotton-tshirt.pdf,"Best Quality knited cotton fabric blend with little plyester for shine and gloss finish, light weigth, durable and comfortable to use,"Durable cotton-poly blend crewneck T-shirt featuring a subtle gloss finish. Soft to the touch, resistant to shrinkage, and comfortable for prolonged daily wear."
P046,2854149511030,Men's T-shirt,Men's T-shirt,Mens Loop Knit T Shirt 180 GSM,I3 Innovation,Men's T-shirt,225.0,INR,Piece,₹ 225/Piece,,,Available,,100 Piece,,White,,,Cotton Lycra,"Single Jersey, Poly Cotton, Polyester",Logo,Regular Fit,"Half sleeves, Half Sleeve","Round Neck, Polo Neck",Casual Wear,,,,220 GSM,Handwash,Made in India,,"DTF Printing, Sublimation, Screen Printing, Embroidery",,single pp pack,https://5.imimg.com/data5/SELLER/Default/2024/5/421907973/OT/SC/CZ/130624909/1-500x500.jpg,https://5.imimg.com/data5/SELLER/Default/2024/5/421907973/OT/SC/CZ/130624909/1-500x500.jpg; https://5.imimg.com/data5/SELLER/Default/2024/5/421907974/QP/II/KO/130624909/2-500x500.jpg; https://5.imimg.com/data5/SELLER/Default/2024/5/421907980/LV/TB/ZB/130624909/5cc05b89e8fdd3dafc74d64455a41951-500x500.jpg; https://5.imimg.com/data5/SELLER/Default/2024/5/421908153/SZ/AK/XX/130624909/09ebca4f549af5f71005e4ec114ee172-500x500.jpeg; https://5.imimg.com/data5/SELLER/Default/2024/5/421907985/TU/QN/PK/130624909/44ac2964ec21b3953040f46974ee1cf7-500x500.jpg; https://5.imimg.com/data5/SELLER/Default/2024/5/421907991/VZ/LY/FI/130624909/61a61061f7105d46d4e17b7a300a4ab6-500x500.jpg; https://5.imimg.com/data5/SELLER/Default/2024/5/421908205/QL/UW/GK/130624909/e07e774e807f23fe0c67dbd63aa69d07-500x500.jpeg; https://5.imimg.com/data5/SELLER/Default/2024/5/421908040/TB/BB/GM/130624909/e638b4d4d39ae070d74bd9175558de09-500x500.jpeg,images/P046/image_01.jpg,https://www.indiamart.com/i3innovation/mens-t-shirt.html#2854149511030,https://5.imimg.com/data5/SELLER/Doc/2024/5/421908300/CQ/VL/QM/130624909/i3-innovation-catalouge.pdf,"Introducing the Men's Plane Oversized Lavender T-shirt, Loop Knit. Elevate your style game with this effortlessly cool wardrobe staple. Crafted from a luxurious loop knit fabric, this oversized lavender t-shirt offers a perfect blend of comfort and style. The lightweight material drapes beautifully, ensuring a relaxed yet modern silhouette. Designed for the modern man who values both fashion and comfort, this t-shirt effortlessly combines simplicity with sophistication. The calming lavender shade adds a touch of serenity to your outfit, while the oversized fit provides an edgy and on-trend look. Whether you're dressing it up with tailored trousers or dressing it down with your favourite denim, this t-shirt will instantly elevate any outfit. Not only is the Men's Plane Oversized Lavender T-shirt a versatile addition to your wardrobe, but the loop knit fabric ensures durability and a soft,"Contemporary 180 GSM loop-knit oversized T-shirt in a soothing lavender shade. Offers a relaxed silhouette, breathable texture, and premium soft-touch comfort for everyday style."
P047,2853515980597,Men's T-shirt,Men's T-shirt,Mens Polo T Shirt,I3 Innovation,Men's T-shirt,195.0,INR,Piece,₹ 195/Piece,,,Available,,100 Piece,"Corporate Wear, Men",Red,XL,,,Cotton,Printed,Regular Fit,"Half Sleeve, Half sleeves",Round Neck,,,,,180 GSM,,,,,,SINGLE,https://5.imimg.com/data5/SELLER/Default/2024/2/394260137/GI/NQ/LD/130624909/jar-making-machine-500x500.jpg,https://5.imimg.com/data5/SELLER/Default/2024/2/394260137/GI/NQ/LD/130624909/jar-making-machine-500x500.jpg; https://5.imimg.com/data5/SELLER/Default/2024/2/394260112/RC/VB/IL/130624909/jar-making-machine-500x500.jpg; https://5.imimg.com/data5/SELLER/Default/2024/2/394260395/RT/VO/PK/130624909/mens-polo-t-shirt-500x500.jpg; https://5.imimg.com/data5/SELLER/Default/2024/3/403334576/ZQ/XZ/JI/130624909/promotional-polo-t-shirts-500x500.jpg; https://5.imimg.com/data5/SELLER/Default/2024/3/403334569/KB/BB/GQ/130624909/promotional-polo-t-shirts-500x500.jpg; https://5.imimg.com/data5/SELLER/Default/2024/3/403334557/HV/AQ/CQ/130624909/promotional-polo-t-shirts-500x500.jpg; https://5.imimg.com/data5/SELLER/Default/2024/3/403334552/PJ/YT/VT/130624909/promotional-polo-t-shirts-500x500.jpg; https://5.imimg.com/data5/SELLER/Default/2022/8/JY/FQ/ZD/130624909/men-collar-t-shirt-500x500.jpg,images/P047/image_01.jpg,https://www.indiamart.com/i3innovation/mens-t-shirt.html#2853515980597,https://5.imimg.com/data5/SELLER/Doc/2024/3/395468561/CS/JX/YB/130624909/mens-polo-t-shirt.pdf,"Promotional T-shirts are classical, exclusive, and timeless branded merchandise. They are long-lasting as they will never go out of fashion,Timeless promotional polo T-shirt crafted for durability and lasting brand value. Features a neat two-button placket and ribbed collar that looks sharp on any occasion.
P048,2858845547533,Men's T-shirt,Men's T-shirt,Men Collar T -Shirt,I3 Innovation,Men's T-shirt,120.0,INR,Piece,₹ 120/Piece,,,Available,,50 Piece,Corporate,,,,,"Dry-Fit, Sarina, Cotton, Polyester, Matty, Poly-Cotton, Pique","Solid, Tipping, Printed, Cut & Sew",Regular Fit,Half Sleeve,Polo,,,,,200 GSM,,,,Screen Printing,,SINGLE PACK,https://5.imimg.com/data5/SELLER/Default/2026/2/586644214/OU/AV/DP/130624909/product-jpeg-500x500.jpeg,https://5.imimg.com/data5/SELLER/Default/2026/2/586644214/OU/AV/DP/130624909/product-jpeg-500x500.jpeg; https://5.imimg.com/data5/ANDROID/Default/2026/2/585400711/CW/TT/EH/130624909/product-500x500.jpg; https://5.imimg.com/data5/ANDROID/Default/2026/2/585400708/RV/MU/WK/130624909/product-500x500.jpg; https://5.imimg.com/data5/ANDROID/Default/2026/2/585400706/DW/JZ/TP/130624909/product-500x500.jpg; https://5.imimg.com/data5/ANDROID/Default/2026/2/585393034/YQ/QG/EQ/130624909/product-jpeg-500x500.jpeg; https://5.imimg.com/data5/ANDROID/Default/2026/2/585400702/EF/SM/GA/130624909/product-500x500.jpg; https://5.imimg.com/data5/ANDROID/Default/2026/2/585400705/YS/BR/CW/130624909/product-500x500.jpg; https://5.imimg.com/data5/ANDROID/Default/2026/2/585400709/CE/KN/KC/130624909/product-500x500.jpg; https://5.imimg.com/data5/ANDROID/Default/2026/2/585400710/TT/JV/IT/130624909/product-500x500.jpg; https://5.imimg.com/data5/ANDROID/Default/2026/2/585400712/DC/HK/ES/130624909/product-500x500.jpg; https://5.imimg.com/data5/ANDROID/Default/2026/2/585400715/VA/EW/OZ/130624909/product-500x500.jpg; https://5.imimg.com/data5/SELLER/Default/2026/2/586644180/UJ/ZF/ND/130624909/product-jpeg-500x500.jpeg; https://5.imimg.com/data5/ANDROID/Default/2026/2/585400717/RS/QI/RF/130624909/product-500x500.jpg,images/P048/image_01.jpeg,https://www.indiamart.com/i3innovation/mens-t-shirt.html#2858845547533,https://5.imimg.com/data5/SELLER/Doc/2026/2/586641006/FS/OQ/DO/130624909/men-collar-t-shirt.pdf,"Classic polo neck T-shirt with a structured collar and soft short sleeves. Ideal for work uniforms, weekend outings, or active sports with effortless versatile styling."
P049,2858846332797,Men's T-shirt,Men's T-shirt,Half Sleeves Men T-Shirt,I3 Innovation,Men's T-shirt,180.0,INR,Piece,₹ 180/Piece,,,Available,,50 Piece,,Yellow,,,,PC kulty,Printed,Regular Fit,,Polo / Collar,,,,,220,,,,,,,https://5.imimg.com/data5/ANDROID/Default/2026/2/585434045/FC/FS/KY/130624909/product-jpeg-500x500.jpeg,https://5.imimg.com/data5/ANDROID/Default/2026/2/585434045/FC/FS/KY/130624909/product-jpeg-500x500.jpeg; https://5.imimg.com/data5/ANDROID/Default/2026/2/585434182/LD/GS/QC/130624909/product-jpeg-500x500.jpg; https://5.imimg.com/data5/ANDROID/Default/2026/2/585434303/DW/ET/IN/130624909/product-jpeg-500x500.jpeg; https://5.imimg.com/data5/ANDROID/Default/2026/2/585434455/OH/GG/HE/130624909/product-jpeg-500x500.jpg; https://5.imimg.com/data5/ANDROID/Default/2026/4/602970511/YV/FC/ZX/130624909/product-jpeg-500x500.jpg; https://5.imimg.com/data5/ANDROID/Default/2026/4/602970550/PM/EG/OB/130624909/product-jpeg-500x500.jpg; https://5.imimg.com/data5/ANDROID/Default/2026/4/602970552/OQ/AE/XL/130624909/product-jpeg-500x500.jpg; https://5.imimg.com/data5/ANDROID/Default/2026/4/602970561/IP/YI/CH/130624909/product-jpeg-500x500.jpg; https://5.imimg.com/data5/ANDROID/Default/2026/4/602970570/XM/YY/VB/130624909/product-jpeg-500x500.jpg; https://5.imimg.com/data5/ANDROID/Default/2026/4/602970580/HC/BC/XR/130624909/product-jpeg-500x500.jpg; https://5.imimg.com/data5/ANDROID/Default/2026/4/602970586/QQ/MO/GE/130624909/product-jpeg-500x500.jpg,images/P049/image_01.jpeg,https://www.indiamart.com/i3innovation/mens-t-shirt.html#2858846332797,https://5.imimg.com/data5/SELLER/Doc/2026/2/586641026/QK/ZE/WJ/130624909/half-sleeves-men-t-shirt.pdf,"This is polo neck pc kulty T shirt.. specially used in school uniform, corporate,"Comfortable poly-cotton polo T-shirt built for daily work wear, staff uniforms, and delivery personnel. Highly breathable and easy to wash with minimal ironing required."
P050,2858847601688,Men's T-shirt,Men's T-shirt,Polo Men T-Shirt,I3 Innovation,Men's T-shirt,180.0,INR,Piece,₹ 180/Piece,,,Available,,50 Piece,Promotional,Multi-Color,,,,"Cotton, PC kulty, Honeycomb",Printed,Regular Fit,Half Sleeve,,,,,,220 GSM,,,,,,SINGLE PACK,https://5.imimg.com/data5/SELLER/Default/2026/2/586644015/BJ/KP/LV/130624909/product-jpeg-500x500.jpeg,https://5.imimg.com/data5/SELLER/Default/2026/2/586644015/BJ/KP/LV/130624909/product-jpeg-500x500.jpeg; https://5.imimg.com/data5/ANDROID/Default/2026/2/585497919/HK/AL/PD/130624909/product-500x500.jpg; https://5.imimg.com/data5/ANDROID/Default/2026/2/585497283/OI/YW/IX/130624909/product-jpeg-500x500.jpg; https://5.imimg.com/data5/SELLER/Default/2026/2/586644109/JZ/GR/MO/130624909/product-jpeg-500x500.jpeg; https://5.imimg.com/data5/SELLER/Default/2026/2/586644124/OP/LJ/ZR/130624909/product-500x500.jpeg; https://5.imimg.com/data5/SELLER/Default/2026/2/586644063/HC/KZ/JD/130624909/product-jpeg-500x500.jpeg; https://5.imimg.com/data5/SELLER/Default/2026/2/586644082/LL/RD/IE/130624909/product-jpeg-500x500.jpeg,images/P050/image_01.jpeg,https://www.indiamart.com/i3innovation/mens-t-shirt.html#2858847601688,https://5.imimg.com/data5/SELLER/Doc/2026/2/586640947/OI/OB/UI/130624909/polo-men-t-shirt.pdf,Essential short-sleeve collared polo shirt designed for reliable daily comfort. Made with a clean knit texture and a durable collar that maintains its shape over time.
P051,2852994504988,Mens Promotional T Shirt,Mens Promotional T Shirt,Full Sublimation T Shirt,I3,Mens Promotional T Shirt,225.0,INR,Piece,₹ 225/Piece,,,Available,,100 Piece,Sports Wear,,Medium,M,,"Dot Net, Dot Net Polyester",Printed,Regular Fit,Half sleeves,Polo Neck,"Sports Wear, Casual Wear",,,,"180 GSM, 160 GSM",Hand wash,,,,,"SINGLE BOARD PACKING,",https://5.imimg.com/data5/ANDROID/Default/2023/12/365934266/MY/QJ/GX/130624909/product-500x500.jpg,https://5.imimg.com/data5/ANDROID/Default/2023/12/365934266/MY/QJ/GX/130624909/product-500x500.jpg; https://5.imimg.com/data5/ANDROID/Default/2023/12/365934119/TW/XT/KA/130624909/product-jpeg-500x500.jpg; https://5.imimg.com/data5/ANDROID/Default/2023/12/365933918/US/PZ/OQ/130624909/product-jpeg-500x500.jpg; https://5.imimg.com/data5/ANDROID/Default/2023/12/365934259/BW/LF/PX/130624909/product-500x500.jpg; https://5.imimg.com/data5/ANDROID/Default/2023/12/365934260/DV/KM/HP/130624909/product-500x500.jpg; https://5.imimg.com/data5/ANDROID/Default/2023/12/365934261/ZK/ZJ/PV/130624909/product-500x500.jpg; https://5.imimg.com/data5/ANDROID/Default/2023/12/365934262/NI/VJ/SR/130624909/product-500x500.jpg; https://5.imimg.com/data5/ANDROID/Default/2023/12/365934263/YB/JR/VX/130624909/product-500x500.jpg; https://5.imimg.com/data5/ANDROID/Default/2023/12/365934264/ZH/DM/TK/130624909/product-500x500.jpg; https://5.imimg.com/data5/ANDROID/Default/2023/12/365934265/DH/CS/RV/130624909/product-500x500.jpg; https://5.imimg.com/data5/ANDROID/Default/2026/6/619417072/RI/HQ/BC/130624909/product-jpeg-500x500.jpg; https://5.imimg.com/data5/ANDROID/Default/2026/6/619417082/GS/EN/UR/130624909/product-500x500.jpg,images/P051/image_01.jpg,https://www.indiamart.com/i3innovation/mens-promotional-t-shirt.html#2852994504988,https://5.imimg.com/data5/SELLER/Doc/2024/4/410901709/JA/QA/HT/130624909/full-sublimation-t-shirt.pdf,"POLYESTER FINE FABRIC DIGITAL PRINTS OR SUBLIMAATION T SHIRTS WITH HIGH QUALITY FINISH AND ATTRACTIVE COLOURS WITH ALL SIZES AND SPECIFICATION,"High-definition full-sublimation polyester T-shirt featuring vibrant, fade-proof digital printing across the entire garment. Perfect for sports teams, corporate marathons, and branded merchandise."
P052,2854717809091,Mens Promotional T Shirt,Mens Promotional T Shirt,Polo Sublimation T Shirt,I3,Mens Promotional T Shirt,240.0,INR,Piece,₹ 240/Piece,,,Available,,100 Piece,,,Medium,,100% Polyester,"Dryfit, 100% Polyester",Floral,Regular Fit,"Half Sleeve, Half sleeves",Polo Neck,,,,,160GSM,Machine wash,,,,,single plastic pack.,https://5.imimg.com/data5/ANDROID/Default/2024/8/445153375/VK/KN/DS/130624909/product-jpeg-500x500.jpg,https://5.imimg.com/data5/ANDROID/Default/2024/8/445153375/VK/KN/DS/130624909/product-jpeg-500x500.jpg; https://5.imimg.com/data5/ANDROID/Default/2024/8/445153617/OQ/MP/SG/130624909/product-jpeg-500x500.jpeg; https://5.imimg.com/data5/ANDROID/Default/2024/8/445154621/SF/MN/SE/130624909/product-jpeg-500x500.jpg; https://5.imimg.com/data5/ANDROID/Default/2024/8/445154719/KF/WU/ZT/130624909/product-jpeg-500x500.jpg; https://5.imimg.com/data5/ANDROID/Default/2024/8/445154044/TV/BK/VI/130624909/product-jpeg-500x500.jpeg; https://5.imimg.com/data5/ANDROID/Default/2024/8/445154163/FL/ZY/ST/130624909/product-jpeg-500x500.jpg; https://5.imimg.com/data5/ANDROID/Default/2024/8/445154848/NJ/CS/RQ/130624909/product-jpeg-500x500.jpg; https://5.imimg.com/data5/ANDROID/Default/2024/8/445154922/YS/OJ/TK/130624909/product-jpeg-500x500.jpg,images/P052/image_01.jpg,https://www.indiamart.com/i3innovation/mens-promotional-t-shirt.html#2854717809091,https://5.imimg.com/data5/SELLER/Doc/2024/8/445159370/NX/CJ/SE/130624909/polo-sublimation-t-shirt.pdf,"Custiomized men women kids T shirts for all purposes, Sports, Events, Games etc,"Fully customized digital sublimation polo T-shirt tailored for sports teams and event staff. Combines moisture-wicking comfort with crisp, all-over graphics and custom logos."
P053,23828279688,Mens Promotional T Shirt,Mens Promotional T Shirt,Promotional Cotton T-Shirts,I3 Innovation,Mens Promotional T Shirt,225.0,INR,Piece,₹ 225/Piece,,,Available,,100 Piece,Unisex,,s/m/l/xl/xxl,M,cotton,Poly-Cotton,,Regular Fit,Half Sleeve,Polo/Collar Neck,,,,light weight,220 GSM,,Made in India,,,,100 pcs individual packing,https://5.imimg.com/data5/SELLER/Default/2025/7/526759556/LW/WY/IX/130624909/promotional-cotton-t-shirts-500x500.jpeg,https://5.imimg.com/data5/SELLER/Default/2025/7/526759556/LW/WY/IX/130624909/promotional-cotton-t-shirts-500x500.jpeg; https://5.imimg.com/data5/SELLER/Default/2023/2/OL/WO/DM/130624909/promotional-cotton-t-shirts-500x500.jpg; https://5.imimg.com/data5/SELLER/Default/2021/8/NF/GG/CH/130624909/product-image-1322404751-1024x1024-500x500.jpg; https://5.imimg.com/data5/SELLER/Default/2021/8/DU/TP/NJ/130624909/men-v-neck-cotton-t-shirt-500x500.jpg; https://5.imimg.com/data5/SELLER/Default/2021/8/GY/JM/SV/130624909/promotional-cotton-t-shirts-500x500.jpg; https://5.imimg.com/data5/SELLER/Default/2023/2/DQ/DU/EZ/130624909/promotional-cotton-t-shirts-500x500.jpg; https://5.imimg.com/data5/SELLER/Default/2023/2/MU/PE/DV/130624909/promotional-cotton-t-shirts-500x500.jpg,images/P053/image_01.jpeg,https://www.indiamart.com/i3innovation/mens-promotional-t-shirt.html#23828279688,https://5.imimg.com/data5/SELLER/Doc/2024/3/405674714/QD/HA/DK/130624909/promotional-cotton-t-shirts.pdf,"Customised cotton T shirt as per your requiremntsm we print logo as per your esteemed concern, light weight, long lasting,durabale cotton, polyseter,"Customizable 100% cotton promotional T-shirts tailored to your company's specifications. Ideal for corporate branding, giveaways, and trade shows with sharp logo reproduction."
P054,2853515943588,Mens Promotional T Shirt,Mens Promotional T Shirt,Promotional T Shirts,I3 Innovation,Mens Promotional T Shirt,180.0,INR,Piece,₹ 180/Piece,,,Available,,200 Piece,Male,White,,,Cotton,Polycotton,,Regular Fit,Half Sleeve,"Polo, Collar",,,,,220 GSM,,,,"DTF Printing, Screen Printing, Puff Printing, Embroidery, Rubber Print, HD Print, Sublimation",,single pp pack,https://5.imimg.com/data5/SELLER/Default/2024/2/394259709/EI/TZ/RD/130624909/promotional-t-shirts-500x500.jpg,https://5.imimg.com/data5/SELLER/Default/2024/2/394259709/EI/TZ/RD/130624909/promotional-t-shirts-500x500.jpg; https://5.imimg.com/data5/SELLER/Default/2024/2/394259730/NI/PJ/GA/130624909/promotional-t-shirts-500x500.jpg; https://5.imimg.com/data5/SELLER/Default/2024/2/394259754/NN/CM/BE/130624909/promotional-t-shirts-500x500.jpg; https://5.imimg.com/data5/SELLER/Default/2024/4/410896401/EX/VA/KZ/130624909/men-s-white-polo-t-shirt-500x500.jpg; https://5.imimg.com/data5/SELLER/Default/2024/2/394255818/BA/WC/RL/130624909/tracksuit-for-men-500x500.jpg,images/P054/image_01.jpg,https://www.indiamart.com/i3innovation/mens-promotional-t-shirt.html#2853515943588,https://5.imimg.com/data5/SELLER/Doc/2024/3/395464023/BW/VX/AM/130624909/promotional-t-shirts.pdf,"Promotional T-shirts are classical, exclusive, and timeless branded merchandise. They are long-lasting as they will never go out of fashion,"Premium promotional T-shirts designed for lasting brand visibility. Crafted from colorfast, shrink-resistant fabric that ensures your logo and team look great wear after wear."
P055,2858916580855,Mens Promotional T Shirt,Mens Promotional T Shirt,Lycra T Shirt,I3 Innovation,Mens Promotional T Shirt,145.0,INR,Piece,₹ 145/Piece,,,Available,,500 Piece,Unisex,,,,Polyester,Lycra,Plain,Regular Fit,Half Sleeve,Round Neck,,,,,160 GSM,,,,,,single pp pack,https://5.imimg.com/data5/SELLER/Default/2025/4/500089253/YE/RU/YP/130624909/12-500x500.jpg,https://5.imimg.com/data5/SELLER/Default/2025/4/500089253/YE/RU/YP/130624909/12-500x500.jpg; https://5.imimg.com/data5/SELLER/Default/2025/4/500091803/PZ/OW/NQ/130624909/12a-500x500.jpg; https://5.imimg.com/data5/SELLER/Default/2026/3/589966036/WW/KA/TQ/130624909/product-jpeg-500x500.jpeg; https://5.imimg.com/data5/SELLER/Default/2025/4/500089262/QO/SX/AS/130624909/boy1-500x500.jpg; https://5.imimg.com/data5/SELLER/Default/2025/4/500089239/JR/IM/QZ/130624909/2-500x500.jpg; https://5.imimg.com/data5/SELLER/Default/2026/3/589966065/EG/RK/DH/130624909/product-500x500.jpeg,images/P055/image_01.jpg,https://www.indiamart.com/i3innovation/mens-promotional-t-shirt.html#2858916580855,https://5.imimg.com/data5/SELLER/Doc/2026/3/589966902/PF/IH/LQ/130624909/lycra-t-shirt.pdf,"cutomised round neck multi colours unisex T shirts for all age group, Quqlity finish , durable and regular finish light weight,"Unisex stretch-fit Lycra T-shirt offering flexible comfort and shape retention. Lightweight and breathable, making it a great pick for fitness classes, sports, and casual wear."
P056,23917032462,Corporate Blazers,Formal,Men'S Corporate Blazer,i3,Formal,950.0,INR,Piece,₹ 950/Piece,,,Available,,50 Piece,"UNISEX, Advocate Wear, Corporate Wear, Party Wear, Formal Wear, School/College",,,,Blended Suiting,Cotton,Regular Fit/ Slim fit,"Modern Fit, SLIM/REGULAR",Full Sleeve,,,,,,AS DESIRED,,"INDIA, Made in India",MCB55,,,SINGLE PACK (HANGERS CHARGABLE),https://5.imimg.com/data5/SELLER/Default/2026/2/582954489/DN/XH/UW/130624909/men-s-corporate-blazer-500x500.jpeg,https://5.imimg.com/data5/SELLER/Default/2026/2/582954489/DN/XH/UW/130624909/men-s-corporate-blazer-500x500.jpeg; https://5.imimg.com/data5/SELLER/Default/2024/3/403327542/RM/UI/QY/130624909/men-s-corporate-blazer-500x500.jpg; https://5.imimg.com/data5/SELLER/Default/2026/2/582949925/OS/LE/TZ/130624909/men-s-corporate-blazer-500x500.jpeg; https://5.imimg.com/data5/SELLER/Default/2021/9/VX/NV/NH/130624909/men-s-corporate-blazer-500x500.jpg; https://5.imimg.com/data5/ANDROID/Default/2021/9/DM/AF/AH/130624909/product-jpeg-500x500.jpg; https://5.imimg.com/data5/ANDROID/Default/2021/9/HP/SM/WD/130624909/product-jpeg-500x500.jpg; https://5.imimg.com/data5/ANDROID/Default/2021/9/OK/HY/HL/130624909/product-jpeg-500x500.jpg; https://5.imimg.com/data5/ANDROID/Default/2021/9/AR/GB/ND/130624909/product-jpeg-500x500.jpg; https://5.imimg.com/data5/SELLER/Default/2024/3/403327546/DN/OR/HQ/130624909/men-s-corporate-blazer-500x500.png,images/P056/image_01.jpeg,https://www.indiamart.com/i3innovation/corporate-blazers.html#23917032462,https://5.imimg.com/data5/SELLER/Doc/2024/3/403328463/RK/EO/JE/130624909/men-s-corporate-blazer.pdf,"We are one of the leading manufactureres in Kolkta, suppliers of Men’s-Blazers that are extensively appreciated by our clients. Our clients can avail these men’s blazers in various specifications. These are highly appreciated among the clients for their style, attractive design and eye-catching colors. Further, these are fabricated using premium quality raw material by our trustworthy and certified vendors. These are available in various sizes, designs, colors and styles,"Elegantly tailored men's corporate blazer crafted from premium suiting fabric. Features a structured shoulder, sleek lapels, and custom color options for executives and corporate teams."
P057,2850036384655,Corporate Blazers,Corporate Blazers,Mens Business Waistcoat,I3,Corporate Blazers,550.0,INR,Piece,₹ 550/Piece,,,Available,,50 Piece,,Black,,,,POLY VISCOS,Plain,Regular Fit,"Sleeveless, SLEEVE LESS",V Neck and Collarless,Festive,,Regular Length,,,,Made in India,,,,SINGLE PACK,https://5.imimg.com/data5/SELLER/Default/2023/2/CM/MU/XX/130624909/s-l1600-1--500x500.jpg,https://5.imimg.com/data5/SELLER/Default/2023/2/CM/MU/XX/130624909/s-l1600-1--500x500.jpg; https://5.imimg.com/data5/SELLER/Default/2023/2/LV/KK/IC/130624909/1-500x500.png; https://5.imimg.com/data5/SELLER/Default/2023/2/MQ/HL/OY/130624909/2-500x500.png; https://5.imimg.com/data5/SELLER/Default/2023/2/HE/HT/XU/130624909/3-500x500.png; https://5.imimg.com/data5/SELLER/Default/2023/2/SM/CT/WS/130624909/4-500x500.png; https://5.imimg.com/data5/SELLER/Default/2023/2/OW/PH/XB/130624909/5-500x500.png,images/P057/image_01.jpg,https://www.indiamart.com/i3innovation/corporate-blazers.html#2850036384655,https://5.imimg.com/data5/SELLER/Doc/2024/3/405675256/UP/WI/UV/130624909/mens-business-waistcoat.pdf,"Pattern:No PatternOuter Shell Material:PolyesterClosure:ButtonOccasion:Business, Casual, FormalChest Size:40 inGarment Care:Machine WashableMPN:Does not applyAccents:ButtonColour:MulticolouredBrand:UnbrandedSize Type:RegularType:WaistcoatDepartment:MenStyle:OvercoatTheme:Classic, Modern,Classic men's formal waistcoat tailored with a tailored button closure and neat welt pockets. Adds an extra layer of sophistication to two-piece suits or office attire.
P058,2853516206412,Corporate Blazers,Corporate Blazers,Mens Party Wear Blazer,I3 Innovation,Corporate Blazers,900.0,INR,Piece,₹ 900/Piece,,,Available,,100 Piece,Men,Blue,Medium,,,Polyester Blend (e.g.; Poly-Viscose; Terry Rayon),Check,Regular Fit,,,Party Wear,,,,,Machine Wash,Made in India,,,,SINGLE PACKET PLASTIC.,https://5.imimg.com/data5/SELLER/Default/2024/1/380669930/BR/WI/MB/130624909/41k8zwc3r0l-sx679-500x500.jpg,https://5.imimg.com/data5/SELLER/Default/2024/1/380669930/BR/WI/MB/130624909/41k8zwc3r0l-sx679-500x500.jpg; https://5.imimg.com/data5/SELLER/Default/2024/2/394263490/WZ/PQ/UA/130624909/mens-party-wear-blazer-500x500.jpg; https://5.imimg.com/data5/SELLER/Default/2024/3/403335954/TA/CY/ZB/130624909/mens-party-wear-blazer-500x500.jpg; https://5.imimg.com/data5/SELLER/Default/2024/3/403335958/PK/AM/AO/130624909/mens-party-wear-blazer-500x500.jpg; https://5.imimg.com/data5/SELLER/Default/2024/3/403335969/YM/XH/GN/130624909/mens-party-wear-blazer-500x500.jpg; https://5.imimg.com/data5/SELLER/Default/2024/3/403335972/FJ/GD/II/130624909/mens-party-wear-blazer-500x500.jpg; https://5.imimg.com/data5/SELLER/Default/2024/3/403335982/OJ/EK/OI/130624909/mens-party-wear-blazer-500x500.jpg; https://5.imimg.com/data5/SELLER/Default/2024/3/403335989/GH/AF/WA/130624909/mens-party-wear-blazer-500x500.jpg; https://5.imimg.com/data5/SELLER/Default/2024/3/403335992/JG/NF/VC/130624909/mens-party-wear-blazer-500x500.jpg,images/P058/image_01.jpg,https://www.indiamart.com/i3innovation/corporate-blazers.html#2853516206412,https://5.imimg.com/data5/SELLER/Doc/2024/3/395465696/UL/DA/LH/130624909/mens-party-wear-blazer.pdf,"A two-piece suit has a jacket and trousers; a three-piece suit adds a waistcoat. Hats were almost always worn outdoors (and sometimes indoors) with all men's clothes until the counterculture of the 1960s in Western culture. Informal suits have been traditionally worn with a fedora, a trilby,"Modern slim-fit party wear blazer featuring contemporary lapels and an eye-catching textured finish. Perfect for evening receptions, celebratory events, and festive gatherings."
P059,23918961791,Corporate Blazers,school Blazers,School Uniforms Blazers School Blazers,i3,school Blazers,800.0,INR,Piece,₹ 800/Piece,,,Available,,50 Piece,Boys,,,,,suiting fabric,Solid,Regular Fit,manufacturing,V TYPE,school/college,,,,,,Made in India,,,,single pack (hangers chargeable),https://5.imimg.com/data5/SELLER/Default/2021/9/XL/PD/UN/130624909/skegness-grammar-bottle-green-ziggys-blazer-500x500.png,https://5.imimg.com/data5/SELLER/Default/2021/9/XL/PD/UN/130624909/skegness-grammar-bottle-green-ziggys-blazer-500x500.png; https://5.imimg.com/data5/SELLER/Default/2021/9/WM/FT/WM/130624909/school-uniform-coat-500x500-500x500-500x500.jpg; https://5.imimg.com/data5/SELLER/Default/2023/9/347292604/LN/CT/FL/130624909/school-uniforms-blazers-school-blazers-500x500.jpeg; https://5.imimg.com/data5/SELLER/Default/2021/9/AT/IF/DZ/130624909/blazer-boys-school-polyester-royal-blue-1ui-ro-1-500x500.jpg; https://5.imimg.com/data5/SELLER/Default/2021/9/MT/DK/HX/130624909/fe6d6d3e2e5a5cdd547365475670cc76-500x500.jpg; https://5.imimg.com/data5/SELLER/Default/2021/9/CP/MN/KN/130624909/school-blazer-500x500-500x500-500x500.jpg; https://5.imimg.com/data5/SELLER/Default/2021/9/HG/ZQ/GA/130624909/red-school-blazer-500x500-500x500.jpg,images/P059/image_01.png,https://www.indiamart.com/i3innovation/corporate-blazers.html#23918961791,https://5.imimg.com/data5/SELLER/Doc/2024/5/421011261/TZ/RX/NY/130624909/school-uniforms-blazers-school-blazers.pdf,"We are one of the leading manufacturer in Kolkata.Suppliers of Men’s/Kid'S / School/ College -Blazers that are extensively appreciated by our clients. Our clients can avail these men’s blazers in various specifications. These are highly appreciated among the clients for their style, attractive design and eye-catching colors. Further, these are fabricated using premium quality raw material by our trustworthy and certified vendors. These are available in various sizes, designs, colors and styles,"Formal school and college blazers crafted from durable, crease-resistant suiting fabric. Tailored for comfort with custom institutional pocket embroidery and robust lining."
P060,23849536388,Mens Track Pant,Mens Track Pant,Mens 4 Way Lycra Lower,i3,Mens Track Pant,186.0,INR,Piece,₹ 186/Piece,,,Available,,100 Piece,,MULTI COLOUR,,,,4 WAY LYCRA,Solid,Regular Fit,,,Sports Wear,,38-41,,,,,,,,INDIVIDUAL PACK- 100 PCS PER BOX,https://5.imimg.com/data5/SELLER/Default/2021/8/KX/PD/WD/130624909/1-500x500.jpg,https://5.imimg.com/data5/SELLER/Default/2021/8/KX/PD/WD/130624909/1-500x500.jpg; https://5.imimg.com/data5/SELLER/Default/2021/8/QE/QU/VG/130624909/full-removebg-preview-500x500.png; https://5.imimg.com/data5/SELLER/Default/2021/8/YE/XZ/JX/130624909/lycra-3-removebg-preview-500x500.png; https://5.imimg.com/data5/SELLER/Default/2021/8/FC/GM/AO/130624909/lycra-1-removebg-preview-500x500.png; https://5.imimg.com/data5/SELLER/Default/2021/8/ZO/ZD/MO/130624909/lycra-2-removebg-preview-500x500.png,images/P060/image_01.jpg,https://www.indiamart.com/i3innovation/mens-track-pant.html#23849536388,https://5.imimg.com/data5/SELLER/Doc/2024/3/405676902/KW/CR/JG/130624909/mens-4-way-lycra-lower.pdf,"For Comfort & Style. Available in three beautiful colors – Black, Blue, and grey. This track pant with zip pockets for men comes with back design and is ideal for both casual outing and workout. It is stretchable and comes with a regular fit that offers flexibility and gives you a unique look. The elastic closure on the waist helps in adjustment and keeps you comfortable. Made of N.S lycra, the gym wear lower is dry fit and keeps your body dry even when you are working hard in the gym. Zipper pockets on both sides help to keep your essentials safe. It can be gently washed with hand or machine. Use a mild detergent and don't use bleach. · Care Instructions: Hand Wash Only · Fit Type: Slim Fit · 4 Way Lycra Stretchable Track Pant / Gym Men's Lower Pants · Care Instructions: Hand Wash Only · Stretchable Sweat Absorbent Sportswear Pants · Both Side Zipper Pockets To Keep Valuable Items · Suitable For Gym, Running ,Athletic 4-way stretch track pants engineered with moisture-absorbing technology and dual zipper pockets. Offers unrestricted mobility and a tailored slim fit for gym workouts and lounging.
P061,2853516360633,Mens Track Pant,Mens Track Pant,Track Pant For Mens,I3 Innovation,Mens Track Pant,185.0,INR,Piece,₹ 185/Piece,,,Available,,50 Piece,Unisex,Black,Small,,,4-Way Lycra,Solid,Regular Fit,,,Daily Wear,Adults,,,,,,,,,SINGLE PACK,https://5.imimg.com/data5/SELLER/Default/2024/2/394253362/HS/HG/IF/130624909/track-pant-for-mens-500x500.jpg,https://5.imimg.com/data5/SELLER/Default/2024/2/394253362/HS/HG/IF/130624909/track-pant-for-mens-500x500.jpg; https://5.imimg.com/data5/SELLER/Default/2024/2/394253428/YG/JW/XY/130624909/track-pant-for-mens-500x500.jpg; https://5.imimg.com/data5/SELLER/Default/2024/2/394253397/BA/XQ/CD/130624909/track-pant-for-mens-500x500.jpg,images/P061/image_01.jpg,https://www.indiamart.com/i3innovation/mens-track-pant.html#2853516360633,https://5.imimg.com/data5/SELLER/Doc/2024/3/395469255/QJ/GZ/JE/130624909/track-pant-for-mens.pdf,"Track Pants are like Joggers but are usually made from materials like polyester that is smooth, soft,"Comfortable moisture-wicking track pants crafted from smooth, wrinkle-resistant 4-way Lycra. Features an elastic waistband and deep pockets for workouts, jogging, or relaxed casual wear."
P062,23849361462,Mens Track Pant,Track Pant,Mens Ns Lycra Lower,I3,Lower,225.0,INR,Piece,₹ 225/Piece,,,Available,,100 Piece,Unisex,MULTI COLOUR,"S, M, L XL, XXL",,,NS LYCRA,Solid,Regular Fit,,,,15-70,,,,,Made in India,,,,SINGLE PACK BOX OF 100 PCS,https://5.imimg.com/data5/SELLER/Default/2021/8/NK/WD/QA/130624909/img7961-500x500.jpg,https://5.imimg.com/data5/SELLER/Default/2021/8/NK/WD/QA/130624909/img7961-500x500.jpg; https://5.imimg.com/data5/SELLER/Default/2021/8/FS/KT/OA/130624909/84d0e104bdb37f02fa6c4ea18210a510-500x500.jpg; https://5.imimg.com/data5/SELLER/Default/2021/8/KP/ZD/AI/130624909/full-2-removebg-preview-500x500.png; https://5.imimg.com/data5/SELLER/Default/2021/8/PC/MS/NJ/130624909/full-removebg-preview-500x500.png; https://5.imimg.com/data5/SELLER/Default/2021/8/SK/TO/BW/130624909/full1-removebg-preview-1--500x500.png,images/P062/image_01.jpg,https://www.indiamart.com/i3innovation/mens-track-pant.html#23849361462,https://5.imimg.com/data5/SELLER/Doc/2024/3/405677669/SH/PF/JB/130624909/mens-ns-lycra-lower.pdf,"For Comfort & Style. Available in three beautiful colors – Black, Blue, and grey. This track pant with zip pockets for men comes with back design and is ideal for both casual outing and workout. It is stretchable and comes with a regular fit that offers flexibility and gives you a unique look. The elastic closure on the waist helps in adjustment and keeps you comfortable. Made of N.S lycra,Premium NS Lycra gym track pants featuring a quick-drying finish and secure zippered pockets. Designed with an adjustable drawstring waist and flexible regular fit for intense workout sessions.
P063,2853516349773,Mens Track Pant,Mens Track Pant,Men Track Pants,I3 Innovation,Mens Track Pant,180.0,INR,Piece,₹ 180/Piece,,,Available,,100 Piece,"Female, Casual Wear",Black,Small,,,"Cotton, Lycra","Solid, Printed",Regular Fit,,,Daily Wear,Kids,,,,,,,,,SINGLE PACK,https://5.imimg.com/data5/SELLER/Default/2024/3/395470094/RP/LS/WA/130624909/men-track-pants-500x500.jpg,https://5.imimg.com/data5/SELLER/Default/2024/3/395470094/RP/LS/WA/130624909/men-track-pants-500x500.jpg; https://5.imimg.com/data5/SELLER/Default/2024/2/394251991/VT/ID/JC/130624909/men-track-pants-500x500.jpg; https://5.imimg.com/data5/SELLER/Default/2024/2/394252007/BE/QN/NC/130624909/men-track-pants-500x500.jpg; https://5.imimg.com/data5/SELLER/Default/2024/2/394252038/HP/VR/SX/130624909/men-track-pants-500x500.jpg; https://5.imimg.com/data5/SELLER/Default/2024/3/395470045/HD/QR/HN/130624909/men-track-pants-500x500.jpg; https://5.imimg.com/data5/SELLER/Default/2024/3/395470180/UR/YU/ZC/130624909/men-track-pants-500x500.jpg,images/P063/image_01.jpg,https://www.indiamart.com/i3innovation/mens-track-pant.html#2853516349773,https://5.imimg.com/data5/SELLER/Doc/2024/3/395467940/DA/YV/XK/130624909/men-track-pants.pdf,"Track Pants are like Joggers but are usually made from materials like polyester that is smooth, soft,"Lightweight athletic track pants crafted from breathable, quick-drying fabric. Built for track events, morning runs, and active training sessions with an easy, flexible fit."
P064,2859031928255,T Shirts,T Shirts,Full Sleeve T Shirt,I3 Innovation,T Shirts,180.0,INR,Piece,₹ 180/Piece,,,Available,,100 Piece,"Casual Wear, Promotional, Uniform, Corporate Use, Unisex",,,XL,,PC KULTY,,Regular Fit,,Polo / Collar,,,,,,,,,,,Single,https://5.imimg.com/data5/SELLER/Default/2026/5/604442608/VM/JK/VM/130624909/full-sleeve-t-shirt-500x500.jpg,https://5.imimg.com/data5/SELLER/Default/2026/5/604442608/VM/JK/VM/130624909/full-sleeve-t-shirt-500x500.jpg; https://5.imimg.com/data5/ANDROID/Default/2026/3/595937647/ZH/US/HN/130624909/product-500x500.jpg; https://5.imimg.com/data5/ANDROID/Default/2026/4/598140177/SX/SA/JY/130624909/product-jpeg-500x500.jpg,images/P064/image_01.jpg,https://www.indiamart.com/i3innovation/t-shirts.html#2859031928255,https://5.imimg.com/data5/SELLER/Doc/2026/4/598200455/VH/HB/PN/130624909/full-sleeve-t-shirt.pdf,"This is a pc kulty polo t shirt...specially uses in schoo, office, corporate,"Full-sleeve poly-cotton polo T-shirt offering extra arm coverage and breathable warmth. Ideal for delivery professionals, field staff, and corporate uniforms during cooler seasons."
P065,2859234924062,T Shirts,T Shirts,Round Neck T Shirt,I3 Innovation,T Shirts,60.0,INR,Piece,₹ 60/Piece,,,Available,,50 Piece,,"Royal Blue, Yellow, Navy Blue, White, Red, Maroon, Grey, Black","XXL, 3XL, M, L, XS, XL, S",,,100% Polyester,Printed,Regular Fit,Half Sleeve,Round Neck,,,,,,,,,"Screen Printing, DTF Printing, Sublimation",,,https://5.imimg.com/data5/ANDROID/Default/2026/5/607442867/DV/JD/WL/130624909/product-jpeg-500x500.jpg,https://5.imimg.com/data5/ANDROID/Default/2026/5/607442867/DV/JD/WL/130624909/product-jpeg-500x500.jpg; https://5.imimg.com/data5/ANDROID/Default/2026/5/607443578/ED/MB/PM/130624909/product-500x500.jpg; https://5.imimg.com/data5/ANDROID/Default/2026/5/607443577/QB/VX/GU/130624909/product-500x500.jpg; https://5.imimg.com/data5/ANDROID/Default/2026/5/607443580/LF/BQ/MU/130624909/product-500x500.jpg; https://5.imimg.com/data5/ANDROID/Default/2026/5/607443581/SM/LF/JC/130624909/product-500x500.jpg; https://5.imimg.com/data5/ANDROID/Default/2026/5/607443579/WG/ZZ/UH/130624909/product-500x500.jpg; https://5.imimg.com/data5/ANDROID/Default/2026/5/607443584/KT/YO/JN/130624909/product-500x500.jpg; https://5.imimg.com/data5/ANDROID/Default/2026/5/607443582/QN/CK/VS/130624909/product-500x500.jpg,images/P065/image_01.jpg,https://www.indiamart.com/i3innovation/t-shirts.html#2859234924062,https://5.imimg.com/data5/SELLER/Doc/2026/6/619102542/CD/JE/TQ/130624909/1.pdf,"Budget-friendly 100% polyester crewneck T-shirt built for lightweight comfort. Simple, durable, and quick-drying, making it an excellent choice for bulk events and daily use."
P066,2859235125012,T Shirts,T Shirts,Half Sleeves T-Shirt,I3 Innovation,T Shirts,150.0,INR,Piece,₹ 150/Piece,,,Available,,50 Piece,,,,,,"Dry fit, Dot knit, spun kulty, 100 percent polyester etc",,Regular Fit,,"Polo / Collar, Solid Collar","Sports Wear, Promotional Use, Corporate Use",,,,,,,,"DTF Printing, Sublimation, Screen Printing",,,https://5.imimg.com/data5/ANDROID/Default/2026/5/607451496/DB/TQ/AI/130624909/product-jpeg-500x500.jpg,https://5.imimg.com/data5/ANDROID/Default/2026/5/607451496/DB/TQ/AI/130624909/product-jpeg-500x500.jpg; https://5.imimg.com/data5/ANDROID/Default/2026/5/607452546/YO/CU/UD/130624909/product-500x500.jpg; https://5.imimg.com/data5/ANDROID/Default/2026/5/607452551/WW/JG/MU/130624909/product-500x500.jpg; https://5.imimg.com/data5/ANDROID/Default/2026/5/607452550/PK/IR/VT/130624909/product-500x500.jpg; https://5.imimg.com/data5/ANDROID/Default/2026/5/607452553/SW/MM/SP/130624909/product-500x500.jpg; https://5.imimg.com/data5/ANDROID/Default/2026/5/607452552/JE/RS/DX/130624909/product-500x500.jpg; https://5.imimg.com/data5/ANDROID/Default/2026/5/607452555/SK/EI/KK/130624909/product-500x500.jpg; https://5.imimg.com/data5/ANDROID/Default/2026/5/607452557/PR/FT/OX/130624909/product-500x500.jpg; https://5.imimg.com/data5/ANDROID/Default/2026/5/607452556/WC/CN/KH/130624909/product-500x500.jpg,images/P066/image_01.jpg,https://www.indiamart.com/i3innovation/t-shirts.html#2859235125012,,"Half sleeves polo t shirt, we can use it office, corporate, any kind of events,"Short-sleeve performance polo T-shirt crafted from dot-knit breathable fabric. Keeps you cool, dry, and presentable throughout long office hours or active travel."
P067,2856309079155,Cotton T Shirts,Cotton T Shirts,Men Oversized T Shirts,I3 Innovation,Cotton T Shirts,245.0,INR,Piece,₹ 245/Piece,,,Available,,500 Piece,Custom Branding,"Olive Green, Yellow, Beige, White, Navy Blue, Black, all, Grey, Red, Brown, Sky Blue",L,XL,,"Polyester, PC (Poly Cotton), Cotton Blend","Solid, Plain",Drop Shoulder,Half Sleeve,"Round, Round Neck",,,,,220 gsm,,Made in India,,,,Single PP pack.,https://5.imimg.com/data5/SELLER/Default/2025/4/500092228/DZ/BA/MO/130624909/boy2-500x500.jpeg,https://5.imimg.com/data5/SELLER/Default/2025/4/500092228/DZ/BA/MO/130624909/boy2-500x500.jpeg; https://5.imimg.com/data5/SELLER/Default/2025/4/500091788/UZ/LE/VO/130624909/2-500x500.jpg; https://5.imimg.com/data5/SELLER/Default/2025/4/500092030/KR/NW/HI/130624909/4-500x500.jpeg; https://5.imimg.com/data5/SELLER/Default/2025/4/500092053/KQ/PN/RX/130624909/5-500x500.jpeg; https://5.imimg.com/data5/SELLER/Default/2025/4/500092096/ZF/FQ/NL/130624909/6-500x500.jpeg; https://5.imimg.com/data5/SELLER/Default/2025/4/500091800/YK/AW/XI/130624909/12-500x500.jpg; https://5.imimg.com/data5/SELLER/Default/2025/4/500092137/CQ/UL/GS/130624909/12a-500x500.jpeg; https://5.imimg.com/data5/SELLER/Default/2025/4/500092177/WR/EB/FY/130624909/a-500x500.jpeg; https://5.imimg.com/data5/SELLER/Default/2025/4/500091812/OH/BF/UH/130624909/boy1-500x500.jpg,images/P067/image_01.jpeg,https://www.indiamart.com/i3innovation/cotton-t-shirts.html#2856309079155,https://5.imimg.com/data5/SELLER/Doc/2025/4/500092912/HF/LI/LH/130624909/i3-innovation-catalouge.pdf,"Care Instructions: Machine Wash Fit Type: Loose Oversized clothing isn t going anywhere babe. Looking good is easy with our women s oversized clothes edit it s literally a case of throw on and go Fabric :Made in the India poly cotton Sleeve Type: Drop Shoulder Boxy Sleeves, Neck type: Round neck, Fit: Oversized Tshirt Dress sizes Neck, Sleeve- Round Neck,"Relaxed drop-shoulder oversized T-shirt crafted from soft poly-cotton jersey. Features a roomy boxy cut and clean round neck for an effortless, modern street-style silhouette."
P068,2853742639762,Cotton T Shirts,Cotton T Shirts,Cotton Round Neck T Shirt,I3,Cotton T Shirts,100.0,INR,Piece,₹ 100/Piece,,,Available,,50 Piece,UNISEX,White,,,,Cotton,Plain,,"Full and half sleeve , both, HALF AND FULL SLEEVE, Half Sleeves",Round,Casual Wear,ALL GROUP,,160 GRAM,180 GSM,Machine wash,Made in India,RND160,"DTF Printing, YES",,SINGE PP PACK,https://5.imimg.com/data5/SELLER/Default/2024/3/405672754/BF/JU/LS/130624909/cotton-round-neck-t-shirt-500x500.png,https://5.imimg.com/data5/SELLER/Default/2024/3/405672754/BF/JU/LS/130624909/cotton-round-neck-t-shirt-500x500.png; https://5.imimg.com/data5/SELLER/Default/2024/3/405667446/VB/KT/XD/130624909/polyester-t-shirt-w410-500x500.jpg; https://5.imimg.com/data5/SELLER/Default/2024/3/405667438/XW/SY/WY/130624909/polyester-t-shirt-suppliers-exporters-1-500x500.jpg; https://5.imimg.com/data5/SELLER/Default/2024/3/405667437/AH/KT/DX/130624909/polyester-safety-shirts-66850-500x500.jpg; https://5.imimg.com/data5/SELLER/Default/2024/3/405667453/JO/GW/OK/130624909/shirt-blue-453x483-500x500.png; https://5.imimg.com/data5/SELLER/Default/2024/3/405667439/XD/RV/TA/130624909/polyester-t-shirt-suppliers-exporters-2-500x500.jpg; https://5.imimg.com/data5/SELLER/Default/2024/3/405667441/IQ/ET/OF/130624909/polyester-t-shirt-suppliers-exporters-500x500.jpg; https://5.imimg.com/data5/SELLER/Default/2024/3/405667454/JC/WH/HH/130624909/s-l300-500x500.jpg,images/P068/image_01.png,https://www.indiamart.com/i3innovation/cotton-t-shirts.html#2853742639762,https://5.imimg.com/data5/SELLER/Doc/2024/3/405671293/ZL/ER/WP/130624909/cotton-round-neck-t-shirt.pdf,"Among many factors that can make a difference between a sale and a loss is the product description. In case of t-shirts, the impact is even more! An ideal t-shirt product description answers your customer’s informational needs. It makes them excited about the design. It makes them curious about the fabric. Simply put, this is where your story of sales starts. A well-crafted product description can even convert your customers. But how does a winning product description look like? As complicated as the rhetoric might sound, in reality,Essential 100% pure cotton crewneck T-shirt offering breathable all-day comfort. Features a soft-combed finish and a shape-retaining ribbed collar for everyday versatility.
P069,2855538510430,Cotton T Shirts,Cotton T Shirts,Cotton Fleece Hoodies,I3 Innovation,Cotton T Shirts,551.0,INR,Piece,₹ 551/Piece,,,Available,,100 Piece,Unisex,Multicolor,18 to 10xl,,,Fleece,Plain,Relaxed Fit,Full Sleeve,,"Sports Wear, Travel Wear, Outdoor Wear, Winter Wear, Work Wear, Casual Wear",,,,"260–300 gsm, 300–340 gsm",,Made in India,,,,Single PP,https://5.imimg.com/data5/SELLER/Default/2024/12/476593307/HY/CS/YN/130624909/whatsapp-image-2024-12-12-at-7-08-38-pm-2-500x500.jpeg,https://5.imimg.com/data5/SELLER/Default/2024/12/476593307/HY/CS/YN/130624909/whatsapp-image-2024-12-12-at-7-08-38-pm-2-500x500.jpeg; https://5.imimg.com/data5/SELLER/Default/2024/12/476593259/ON/AS/QM/130624909/whatsapp-image-2024-12-12-at-7-08-38-pm-3-500x500.jpeg; https://5.imimg.com/data5/SELLER/Default/2024/12/476593457/QG/TO/LS/130624909/whatsapp-image-2024-12-12-at-7-08-38-pm-2-500x500.jpeg; https://5.imimg.com/data5/SELLER/Default/2024/12/476593562/WL/ZP/CA/130624909/whatsapp-image-2024-12-12-at-7-08-38-pm-3-500x500.jpeg,images/P069/image_01.jpeg,https://www.indiamart.com/i3innovation/cotton-t-shirts.html#2855538510430,https://5.imimg.com/data5/SELLER/Doc/2024/12/476595289/DC/OM/ZQ/130624909/cotton-fleece-hoodies.pdf,"With nice and sturdy front zip, the fleece jacket will last longer and feel good. The jacket has a soft finish, which is in-trend these days, to ensure that people wearing it do not feel out of place. This mens fleece jacket is furnished with stretchable string around the waist, allowing adjustments for a better fit. These custom jackets deliver the perfect concoction of warmth without being heavy. The chin guard present in this mens fleece jacket is a great addition to the jacket, which will keep you warm even in the peak winters. The jacket is unisex,"Heavyweight cotton-fleece zip hoodie lined with a cozy brushed interior. Features an adjustable drawstring hood, sturdy front zipper, and deep side pockets for dependable winter warmth."
P070,26496585597,Mens Sweater,"GOVT, SCHOOL SWEATER",Governtment School Sweater,i3,"GOVT, SCHOOL SWEATER",160.0,INR,Piece,₹ 160/Piece,,,Available,,200 Piece,Boys,,,,Daffodil,WOOL,Plain,,FULL,"V, ROUND, ZIP",WINTER,,,,180 GSM,,Made in India,,,,SINGLE PACK,https://5.imimg.com/data5/SELLER/Default/2022/8/VX/KO/JR/130624909/81tj7zp2wds-ac-ul1500--500x500.jpg,https://5.imimg.com/data5/SELLER/Default/2022/8/VX/KO/JR/130624909/81tj7zp2wds-ac-ul1500--500x500.jpg; https://5.imimg.com/data5/SELLER/Default/2022/8/JV/TO/YH/130624909/41etarlh-il-500x500.jpg; https://5.imimg.com/data5/SELLER/Default/2022/8/AW/XU/OB/130624909/d4fddb84-a41d-4f76-a7f3-0d1ec1e5dbf5-32b3d948f6738f726e8b3bd83d78f7f5-500x500.jpeg; https://5.imimg.com/data5/SELLER/Default/2022/8/TQ/JC/AW/130624909/ac4307f6-a0d0-4e68-ad92-77ad07b7a1b7-01f80a9cefd3d3e2ff456a63cde293ef-500x500.jpeg; https://5.imimg.com/data5/SELLER/Default/2022/8/ER/TN/LU/130624909/fbd6454c-2dd6-4433-9d6e-cbbf3ef58331-21f79a01b17d503dd8a5d6713a05e130-500x500.jpeg; https://5.imimg.com/data5/SELLER/Default/2022/8/RF/MZ/DN/130624909/81tfqlrr6cl-ac-ul1500--500x500.jpg; https://5.imimg.com/data5/SELLER/Default/2022/8/VY/HB/PO/130624909/734bf9fa-3ac3-46d0-804a-43088344eedf-67c889ff1e222a32f86660662fdb7225-500x500.jpeg; https://5.imimg.com/data5/SELLER/Default/2022/8/WD/XY/EY/130624909/sw285-black-1024x1024-500x500.jpg,images/P070/image_01.jpg,https://www.indiamart.com/i3innovation/mens-sweater.html#26496585597,https://5.imimg.com/data5/SELLER/Doc/2024/4/410884209/DI/MJ/MH/130624909/govt-school-sweater.pdf,"We do customize schools sweater for school, colleges, corporates with customer choice, round neck, v neck, zip, chest open, cardigan type any colour any specification,from the best Oswal fabric wool with differnt differnt sizes and patterns. Light weight, durable,Official government school uniform sweaters knit from high-grade Oswal wool yarn. Available in V-neck or cardigan styles with durable ribbed cuffs and hems to keep students warm.
P071,2855538599133,Mens Sweater,Mens Sweater,Oswal Winter King Pure Wool,I3 Innovation,Mens Sweater,342.0,INR,Piece,₹ 342/Piece,,,Available,,100 Piece,Unisex,Multicolor,Medium,,,Wool,Plain,Regular Fit,"Full Sleeve, Full Sleeves, Set in Sleeves",V Neck,"Travel, Office, Casual, Formal, Sports, Winter Wear",,,,,Handwash,Made in India,,,,Single PP,https://5.imimg.com/data5/SELLER/Default/2024/12/476597940/PN/NZ/BO/130624909/whatsapp-image-2024-12-13-at-1-58-55-pm-500x500.jpeg,https://5.imimg.com/data5/SELLER/Default/2024/12/476597940/PN/NZ/BO/130624909/whatsapp-image-2024-12-13-at-1-58-55-pm-500x500.jpeg; https://5.imimg.com/data5/SELLER/Default/2024/12/476598019/MF/IF/QQ/130624909/whatsapp-image-2024-12-13-at-2-03-36-pm-2-500x500.jpeg; https://5.imimg.com/data5/SELLER/Default/2024/12/476598202/MZ/ML/RB/130624909/whatsapp-image-2024-12-13-at-1-58-55-pm-500x500.jpeg; https://5.imimg.com/data5/SELLER/Default/2024/12/476598324/MT/BC/VN/130624909/whatsapp-image-2024-12-13-at-2-03-36-pm-2-500x500.jpeg,images/P071/image_01.jpeg,https://www.indiamart.com/i3innovation/mens-sweater.html#2855538599133,https://5.imimg.com/data5/SELLER/Doc/2024/12/476598638/VZ/RR/WA/130624909/oswal-sweaters.pdf,"With nice and sturdy front zip, the fleece jacket will last longer and feel good. The jacket has a soft finish, which is in-trend these days, to ensure that people wearing it do not feel out of place. This mens fleece jacket is furnished with stretchable string around the waist, allowing adjustments for a better fit. These custom jackets deliver the perfect concoction of warmth without being heavy. The chin guard present in this mens fleece jacket is a great addition to the jacket, which will keep you warm even in the peak winters. The jacket is unisex,"Classic pure wool sweater knit from authentic Oswal Winter King yarn. Delivers superior natural warmth, gentle softness, and long-lasting durability for cold winter months."
P072,24126890955,Mens Sweater,Mens Sweater,Stylish Men Woolen Sweater,POLAR OSWAL,Mens Sweater,260.0,INR,Piece,₹ 260/Piece,,,Available,,100 Piece,Unisex,CUSTOMIZE COLOURS,36-44,,WOOL,Wool,Plain/Solid,,Full Sleeve,V Neck,,,,LIGHT WEIGHT,,,Made in India,,"Logo Embroidery, Logo Printing",,SINGLE PACK,https://5.imimg.com/data5/SELLER/Default/2021/10/UX/RU/XI/130624909/fbd6454c-2dd6-4433-9d6e-cbbf3ef58331-21f79a01b17d503dd8a5d6713a05e130-500x500.jpeg,https://5.imimg.com/data5/SELLER/Default/2021/10/UX/RU/XI/130624909/fbd6454c-2dd6-4433-9d6e-cbbf3ef58331-21f79a01b17d503dd8a5d6713a05e130-500x500.jpeg; https://5.imimg.com/data5/SELLER/Default/2021/10/HD/EZ/ZA/130624909/734bf9fa-3ac3-46d0-804a-43088344eedf-67c889ff1e222a32f86660662fdb7225-500x500.jpeg; https://5.imimg.com/data5/SELLER/Default/2021/10/HR/QH/LR/130624909/ac4307f6-a0d0-4e68-ad92-77ad07b7a1b7-01f80a9cefd3d3e2ff456a63cde293ef-500x500.jpeg; https://5.imimg.com/data5/SELLER/Default/2021/10/UC/QA/NT/130624909/d4fddb84-a41d-4f76-a7f3-0d1ec1e5dbf5-32b3d948f6738f726e8b3bd83d78f7f5-500x500.jpeg; https://5.imimg.com/data5/SELLER/Default/2021/10/PT/ED/US/130624909/sw285-black-1024x1024-500x500.jpg; https://5.imimg.com/data5/SELLER/Default/2021/10/YN/GH/DF/130624909/stylish-men-woolen-sweater-500x500.jpg; https://5.imimg.com/data5/SELLER/Default/2024/3/403329878/KN/GJ/ZD/130624909/stylish-men-woolen-sweater-500x500.jpg; https://5.imimg.com/data5/SELLER/Default/2024/3/403329883/JK/YZ/HM/130624909/stylish-men-woolen-sweater-500x500.jpg,images/P072/image_01.jpeg,https://www.indiamart.com/i3innovation/mens-sweater.html#24126890955,https://5.imimg.com/data5/SELLER/Doc/2024/3/403329397/PK/MP/TP/130624909/stylish-men-woolen-sweater.pdf,"We do customize schools sweater for school, colleges, corporates with customer choice, round neck, v neck, zip, chest open, cardigan type any colour any specification,from the best Oswal fabric wool with differnt differnt sizes and patterns. Light weight, durable,Warm and stylish men's woolen pullover sweater crafted from fine-gauge Oswal wool. Offers a comfortable regular fit with a clean ribbed neckline that layers neatly over shirts.
P073,26496166888,Winter Blazers,BLAZER,Blazer For School,i3,BLAZER,750.0,INR,Piece,₹ 750/Piece,,,Available,,500 Piece,Boys,,,,,suiting fabric,Solid,Regular Fit,FULL,V SHAPE,WINTER,,,,,,Made in India,,,,"SINGLE PACK, IF HANGERS REQUIRED BY THE COMPANY CAN ADDED WITH EXTRA COST.",https://5.imimg.com/data5/SELLER/Default/2022/8/QK/JD/BO/130624909/maleblazeruniformschoolcollege2-584x-progressive-500x500.jpg,https://5.imimg.com/data5/SELLER/Default/2022/8/QK/JD/BO/130624909/maleblazeruniformschoolcollege2-584x-progressive-500x500.jpg; https://5.imimg.com/data5/SELLER/Default/2022/8/LX/YU/NT/130624909/maleblazeruniformschoolcollege-534x-progressive-500x500.jpg; https://5.imimg.com/data5/SELLER/Default/2022/8/MQ/CF/YM/130624909/designer-boys-school-blazer-500x500-500x500.jpg; https://5.imimg.com/data5/SELLER/Default/2022/8/YB/YE/AO/130624909/st-vincents-polyester-blazer-92038-500x500.jpg,images/P073/image_01.jpg,https://www.indiamart.com/i3innovation/winter-blazers.html#26496166888,https://5.imimg.com/data5/SELLER/Doc/2024/8/446627935/LM/WW/KU/130624909/blazer-for-school.pdf,"We are one of the leading manufacturer in Kolkata.Suppliers of Men’s/Kid'S / School/ College -Blazers that are extensively appreciated by our clients. Our clients can avail these men’s blazers in various specifications. These are highly appreciated among the clients for their style, attractive design and eye-catching colors. Further, these are fabricated using premium quality raw material by our trustworthy and certified vendors. These are available in various sizes, designs, colors and styles,"Prestigious school and college uniform blazer made from durable, colorfast suiting fabric. Styled with classic notch lapels, reinforced seams, and custom school crest embroidery options."
P074,2854799418555,Winter Blazers,Winter Blazers,Unisex Wollen blazer,I3 Innovation,Winter Blazers,452.0,INR,Piece,₹ 452/Piece,,,Available,,50 Piece,Unisex,Multicolor,Medium,,,Wool Blend,Plain,"Comfort Fit, Regular Fit","Full Sleeves, Puff Sleeves",,Winter,,,,,Machine Wash,Made in India,,,,single pp,https://5.imimg.com/data5/SELLER/Default/2024/9/448724689/BI/KU/BX/130624909/whatsapp-image-2024-09-05-at-6-47-33-pm-3-500x500.jpeg,https://5.imimg.com/data5/SELLER/Default/2024/9/448724689/BI/KU/BX/130624909/whatsapp-image-2024-09-05-at-6-47-33-pm-3-500x500.jpeg; https://5.imimg.com/data5/SELLER/Default/2024/9/448724711/CF/OO/RR/130624909/whatsapp-image-2024-09-05-at-6-47-32-pm-500x500.jpeg; https://5.imimg.com/data5/SELLER/Default/2024/9/448724725/GH/UR/YJ/130624909/whatsapp-image-2024-09-05-at-6-47-33-pm-2-500x500.jpeg; https://5.imimg.com/data5/SELLER/Default/2024/9/448724795/NU/QJ/XR/130624909/whatsapp-image-2024-09-05-at-6-47-34-pm-500x500.jpeg; https://5.imimg.com/data5/SELLER/Default/2024/9/448724816/OQ/YW/EB/130624909/whatsapp-image-2024-09-05-at-6-47-34-pm-3-500x500.jpeg; https://5.imimg.com/data5/SELLER/Default/2024/9/448724845/DS/RC/EO/130624909/whatsapp-image-2024-09-05-at-6-47-34-pm-1-500x500.jpeg; https://5.imimg.com/data5/SELLER/Default/2024/9/448724867/UL/IJ/RC/130624909/whatsapp-image-2024-09-05-at-6-47-34-pm-2-500x500.jpeg; https://5.imimg.com/data5/SELLER/Default/2024/9/448724892/DJ/RB/HK/130624909/whatsapp-image-2024-09-05-at-6-47-33-pm-3-500x500.jpeg,images/P074/image_01.jpeg,https://www.indiamart.com/i3innovation/winter-blazers.html#2854799418555,https://5.imimg.com/data5/SELLER/Doc/2024/9/448726957/EI/DY/RF/130624909/unisex-wollen-blazer.pdf,"unisex woolen blazer for verious size and verious design are available,Multi colours are available,we do customized as per customer our customer need and desired school logo , embroiedry,"Premium unisex woolen school blazer crafted with warm, structured wool-blend suiting fabric. Available in sizes 20 through 44 with personalized institutional embroidery and custom buttons."
P075,2854799473630,Winter Blazers,Winter Blazers,Kids Woolen Blazers,I3 Innovation,Winter Blazers,451.0,INR,Piece,₹ 451/Piece,,,Available,,50 Piece,Unisex,Multicolor,Medium,,,Wool Blend,Plain,"Comfort Fit, Regular Fit","Full Sleeves, Puff Sleeves",,Ethnic,18 to 10xl,,,,Machine Wash,Made in India,,,,single packing,https://5.imimg.com/data5/SELLER/Default/2024/9/448729177/AE/NS/FP/130624909/whatsapp-image-2024-09-05-at-6-47-33-pm-500x500.jpeg,https://5.imimg.com/data5/SELLER/Default/2024/9/448729177/AE/NS/FP/130624909/whatsapp-image-2024-09-05-at-6-47-33-pm-500x500.jpeg; https://5.imimg.com/data5/SELLER/Default/2024/9/448728976/YK/BB/RU/130624909/whatsapp-image-2024-09-05-at-6-47-34-pm-500x500.jpeg; https://5.imimg.com/data5/SELLER/Default/2024/9/448729212/GB/IX/MD/130624909/whatsapp-image-2024-09-05-at-6-47-33-pm-1-500x500.jpeg; https://5.imimg.com/data5/SELLER/Default/2024/9/448729200/FI/EN/QU/130624909/whatsapp-image-2024-09-05-at-6-47-33-pm-2-500x500.jpeg; https://5.imimg.com/data5/SELLER/Default/2024/9/448727705/DE/FD/HK/130624909/whatsapp-image-2024-09-05-at-6-47-33-pm-3-500x500.jpeg; https://5.imimg.com/data5/SELLER/Default/2024/9/448729034/KA/CD/GR/130624909/whatsapp-image-2024-09-05-at-6-47-34-pm-1-500x500.jpeg; https://5.imimg.com/data5/SELLER/Default/2024/9/448729075/MU/WY/GY/130624909/whatsapp-image-2024-09-05-at-6-47-34-pm-2-500x500.jpeg; https://5.imimg.com/data5/SELLER/Default/2024/9/448727757/VG/DV/XT/130624909/whatsapp-image-2024-09-05-at-6-47-34-pm-3-500x500.jpeg,images/P075/image_01.jpeg,https://www.indiamart.com/i3innovation/winter-blazers.html#2854799473630,https://5.imimg.com/data5/SELLER/Doc/2024/9/448728536/IU/FD/MC/130624909/kids-woolen-blazers.pdf,"kids woolen blazer for verious size an verious design are available ,multi colour are available ,we do customized as per customer our customer need an deired school logo, embroiedry,"Warm and comfortable woolen school blazers tailored specifically for young students. Features soft internal lining, durable stitching, and custom school monogram embroidery."
P076,2858249254933,Cricket Wear,Jersey Only,Cricket Unisex Sports Jersey,I3 Innovation,Jersey Only,200.0,INR,Piece,₹ 200/Piece,,,Available,,50 Piece,Unisex,,XL,,Nokia,Polyester Spandex,Printed,Relaxed Fit,Half Sleeve,Collar Neck,,,,,160 GSM,,,,"name, number, logo printing",,As per customer's choice,https://5.imimg.com/data5/ANDROID/Default/2025/12/571722025/CG/MJ/UL/130624909/product-jpeg-500x500.jpeg,https://5.imimg.com/data5/ANDROID/Default/2025/12/571722025/CG/MJ/UL/130624909/product-jpeg-500x500.jpeg; https://5.imimg.com/data5/ANDROID/Default/2025/12/571722291/DH/MI/YH/130624909/product-500x500.jpg; https://5.imimg.com/data5/ANDROID/Default/2024/8/445154647/PJ/OZ/FT/130624909/product-jpeg-500x500.jpeg; https://5.imimg.com/data5/ANDROID/Default/2024/8/445154590/NA/CX/MJ/130624909/product-jpeg-500x500.jpeg; https://5.imimg.com/data5/ANDROID/Default/2024/8/445154178/TJ/RR/DM/130624909/product-jpeg-500x500.jpg; https://5.imimg.com/data5/ANDROID/Default/2024/8/445154111/GV/KQ/XO/130624909/product-jpeg-500x500.jpeg; https://5.imimg.com/data5/ANDROID/Default/2024/8/445154027/CH/OQ/MD/130624909/product-jpeg-500x500.jpg; https://5.imimg.com/data5/ANDROID/Default/2024/8/445154003/NL/HO/LC/130624909/product-jpeg-500x500.jpg; https://5.imimg.com/data5/ANDROID/Default/2024/8/445153994/NI/HE/QT/130624909/product-jpeg-500x500.jpg; https://5.imimg.com/data5/ANDROID/Default/2024/8/445153980/QR/RJ/AJ/130624909/product-jpeg-500x500.jpg,images/P076/image_01.jpeg,https://www.indiamart.com/i3innovation/cricket-wear.html#2858249254933,https://5.imimg.com/data5/SELLER/Doc/2026/4/598200778/RN/HD/RW/130624909/cricket-unisex-sports-jersey.pdf,"Performance cricket jersey engineered from lightweight polyester-spandex fabric. Breathable and sweat-wicking to keep players cool, agile, and comfortable during intense matches."
P077,2858248547973,Cricket Wear,Cricket Wear,Cricket T Shirts,I3 Innovation,Cricket Wear,240.0,INR,Piece,₹ 240/Piece,,,Available,,50 Piece,Unisex,,XL,,Polyester,Dry Fit,,Regular Fit,Half Sleeves,Round Neck,,,,,160 GSM,,,,"Logo Print, Name & Number Print, Sublimation Print",,as per customer's choice,https://5.imimg.com/data5/ANDROID/Default/2025/12/571709414/AJ/BB/MZ/130624909/product-jpeg-500x500.jpeg,https://5.imimg.com/data5/ANDROID/Default/2025/12/571709414/AJ/BB/MZ/130624909/product-jpeg-500x500.jpeg; https://5.imimg.com/data5/ANDROID/Default/2025/12/571707527/FK/XU/RK/130624909/product-jpeg-500x500.jpg; https://5.imimg.com/data5/ANDROID/Default/2025/12/571707431/EF/MY/QH/130624909/product-jpeg-500x500.jpg; https://5.imimg.com/data5/ANDROID/Default/2025/12/571707197/JV/GJ/BX/130624909/product-jpeg-500x500.jpg; https://5.imimg.com/data5/ANDROID/Default/2026/1/575741930/WH/OP/QW/130624909/product-jpeg-500x500.jpg; https://5.imimg.com/data5/ANDROID/Default/2025/12/571721967/AE/AA/YN/130624909/product-jpeg-500x500.jpg; https://5.imimg.com/data5/ANDROID/Default/2025/12/571717654/BF/JJ/HL/130624909/product-jpeg-500x500.jpg; https://5.imimg.com/data5/ANDROID/Default/2025/12/571716647/RI/TY/TU/130624909/product-jpeg-500x500.jpg; https://5.imimg.com/data5/ANDROID/Default/2025/12/571709360/IJ/JZ/QV/130624909/product-jpeg-500x500.jpg; https://5.imimg.com/data5/ANDROID/Default/2025/12/571709252/BR/GB/SN/130624909/product-jpeg-500x500.jpg; https://5.imimg.com/data5/ANDROID/Default/2025/12/571708772/XO/IF/OP/130624909/product-jpeg-500x500.jpg; https://5.imimg.com/data5/ANDROID/Default/2024/8/445154802/PA/BD/LT/130624909/product-jpeg-500x500.jpeg; https://5.imimg.com/data5/ANDROID/Default/2024/8/445154677/BT/JH/TB/130624909/product-jpeg-500x500.jpeg,images/P077/image_01.jpeg,https://www.indiamart.com/i3innovation/cricket-wear.html#2858248547973,https://5.imimg.com/data5/SELLER/Doc/2026/2/586641201/XJ/PL/PJ/130624909/cricket-t-shirts.pdf,"A cricket T-shirt is a specialized,light weight, and breathable sportswear garment designed for playing cricket, usually made from moisture-wicking polyster,cotton,Specialized cricket sportswear T-shirt made with advanced moisture-wicking dry-fit polyester. Designed to offer maximum airflow and freedom of motion on the pitch.
P078,2858524706397,Cricket Wear,Cricket Wear,Cricket T Shirts,I3 Innovation,Cricket Wear,220.0,INR,Piece,₹ 220/Piece,,,Available,,100 Piece,Unisex,,L,,Dry Fit,Dry Fit,All Over Print,Regular Fit,Half Sleeves,Collar Neck,"Sports Wear, Event Promotion",,,,160 GSM,,,,Name & Number Print,,single pp pack,https://5.imimg.com/data5/ANDROID/Default/2026/1/575742012/LZ/GY/TN/130624909/product-jpeg-500x500.jpeg,https://5.imimg.com/data5/ANDROID/Default/2026/1/575742012/LZ/GY/TN/130624909/product-jpeg-500x500.jpeg; https://5.imimg.com/data5/SELLER/Default/2026/1/579886116/IG/VF/LQ/130624909/product-jpeg-500x500.jpeg; https://5.imimg.com/data5/SELLER/Default/2026/1/579886137/YK/MX/DF/130624909/product-jpeg-500x500.jpeg; https://5.imimg.com/data5/SELLER/Default/2026/1/579886150/JS/BV/IG/130624909/product-jpeg-500x500.jpeg,images/P078/image_01.jpeg,https://www.indiamart.com/i3innovation/cricket-wear.html#2858524706397,https://5.imimg.com/data5/SELLER/Doc/2026/2/586641347/PQ/BO/KH/130624909/cricket-t-shirts.pdf,"unisex digital t shirts for all age group with digital front and back prints . Qulity finish best from the market and styling ,All-over digital sublimated cricket jersey featuring vibrant front and back prints. Crafted from quick-dry performance fabric with tailored athletic styling for teams and tournaments.